"x1","x2","x3","x4","x5","x6","x7","x8","x9","x10","x11","x12","x13","x14","x15","x16","x17","x18","x19","x20","x21","x22","x23","x24","x25","x26","x27","x28","x29","x30","x31","x32","x33","x34","x35"
1.0914438407617525e-10,5.079416983520846e-12,7.67230262335229e-12,-1.6930434368377064e-10,-2.187200664157399e-8,-2.2396695370479497e-10,-7.05272409680565e-9,-4.235157115398874e-9,1.7809842186383368e-9,-4.895697983981418e-8,9.303708273427936e-9,4.683829636259261e-9,-8.940012969510897e-9,1.4190144644793506e-9,4.3929953918548705e-8,-8.611006579005139e-8,3.1522987869323093e-12,-1.7782422890010341e-12,2.355473818629061e-13,-1.008497337450109e-8,-1.960799448897087e-8,2.2177618417121308e-8,-5.82414331378216e-8,2.623288556430724e-9,2.3637213413205902e-8,1.6294064181700904e-10,-1.2290644555426969e-8,-7.435144974619722e-11,6.035101299537245e-10,-3.606133593104564e-5,-1.499565684109482e-6,3.702286795711267e-6,5.474101088589879e-13,-1.1543219137004833e-10,9.732206861688771e-9
5.079416983520846e-12,6.656697300100936e-12,3.657447278835385e-12,1.904002915724317e-11,-1.923014681560266e-8,-6.822447066473732e-10,-7.550974444017955e-11,-4.1347178446308415e-9,8.577682618385089e-10,-2.118014827514257e-9,1.1959032964683935e-9,3.7984419826989824e-10,-6.927022073191485e-10,2.979304901126861e-10,1.2303038898671634e-9,-3.42495689992792e-9,5.669403567154429e-13,2.423886891260808e-13,-4.2113039626231355e-12,1.6027005611712709e-9,-2.3910488287083646e-10,4.613064930531623e-9,-9.731885162181581e-9,6.114284700328978e-11,8.5346310947401e-9,-2.7870949426958658e-11,-1.57321192175274e-9,2.667549879160694e-11,7.200191988053711e-10,-8.67857151934825e-6,5.3158313086901e-7,6.075012295227865e-7,5.777588673629753e-14,-3.991420763212721e-11,4.745256810609673e-9
7.67230262335229e-12,3.657447278835385e-12,9.733465243652968e-11,3.155344656273036e-11,-1.2785655836664148e-7,4.507198469385214e-10,-3.1800707727997546e-9,7.587829620613955e-9,7.373011745294932e-10,-7.772327083832232e-9,1.8731281750865106e-9,-3.0170461826237974e-9,-9.238693038217374e-9,-1.008334577926095e-8,-9.161764483401508e-9,8.238837251545882e-9,1.639313893347943e-11,-3.0697480401244765e-12,7.575347463119465e-12,2.2208465544067828e-9,-8.864520004875706e-9,-2.582096882296033e-9,4.2626232789955535e-8,2.0419666709551694e-9,-6.950265448611474e-8,2.8541229838981545e-10,4.1792403697555926e-10,-8.408788940701921e-10,5.495413850580038e-9,-6.812947661437244e-5,-5.418934597024512e-7,1.619474737168132e-6,2.4922922206235398e-12,6.733164722435994e-10,-3.755530843673909e-8
-1.6930434368377064e-10,1.904002915724317e-11,3.155344656273036e-11,2.989910942648603e-9,2.3488026190926228e-7,3.964089160422883e-10,4.712777309128162e-8,-3.311037047372529e-9,-9.764634570748284e-9,2.307333409806842e-7,-7.955852026320761e-8,-5.463590209122235e-8,-4.0441700132848334e-9,-3.737899506390912e-8,-3.032871046927803e-7,2.9433857489926226e-7,-9.764993367217263e-11,-1.1279690603807102e-11,-5.736723178640653e-12,7.174070477289982e-8,8.48954910126928e-8,7.077069099781272e-9,-2.3054412664688355e-7,-6.669021046116453e-9,1.3086539992618754e-6,-3.765937383404549e-10,2.2192345840610295e-8,1.358923997616203e-9,-1.9824476607957314e-9,0.0002638891576508071,1.4203626029825994e-5,-2.73742805452449e-5,-1.3912393914235723e-11,-1.264656510330775e-9,-5.896299112164307e-8
-2.187200664157399e-8,-1.923014681560266e-8,-1.2785655836664148e-7,2.3488026190926228e-7,0.0019083937304256286,-7.184012568515754e-6,3.623777753137499e-5,1.8611020990442422e-5,-1.1726818477481517e-5,7.195133404457672e-5,-4.175954725791715e-5,5.4746976017451505e-6,-1.5769018602767202e-5,-2.0582422584180282e-5,8.599821595436885e-5,1.4719815066144024e-6,-5.829328796220524e-8,-2.3476182872125405e-9,1.3578800905767638e-7,-4.83647989263927e-5,2.5078435842199644e-5,4.82567551019155e-5,-0.0004443044847821068,-8.767156054918925e-7,0.0019390460579817967,-6.870009961895187e-7,2.9994205890975924e-5,3.5439492811239197e-6,1.0974213811699454e-5,0.40441824283667466,0.031817844236046264,-0.029039640038952905,-2.0660071008517605e-8,-4.3148549906215334e-8,0.0008141249468416411
-2.2396695370479497e-10,-6.822447066473732e-10,4.507198469385214e-10,3.964089160422883e-10,-7.184012568515754e-6,1.0354723551559246e-6,-9.415918342171913e-9,-1.7888063678218255e-7,1.7626495193906861e-7,5.511323980492536e-7,8.337893456739464e-7,-1.1145918426013016e-7,-2.975449133833602e-8,2.4590237775395556e-7,4.624734100224646e-6,-2.6033315535792466e-6,-4.757965815068002e-12,9.689180375699e-11,-6.148640268169974e-10,1.8545288827093183e-7,-3.7163374015568425e-7,-8.279899727574415e-7,1.3031092536235504e-6,1.1446133204886509e-7,-1.2055320156623555e-5,7.994657305044868e-9,6.879538717285943e-8,-5.358966625171261e-8,-2.542604064870432e-7,-0.0023954257968538126,-0.0002636242166356994,-9.614659521453728e-7,1.2090819976548253e-10,-3.3469646831077746e-8,-2.2641729315534374e-6
-7.05272409680565e-9,-7.550974444017955e-11,-3.1800707727997546e-9,4.712777309128162e-8,3.623777753137499e-5,-9.415918342171913e-9,5.211672192137369e-6,-1.9062013736348712e-6,-1.656068167210023e-7,9.925557183974434e-6,-1.3717272911999886e-6,3.4426569639447595e-7,-1.7641467776055295e-7,-2.7583725226864767e-7,-4.776526190819905e-8,9.696415520591567e-6,-4.1633335032503824e-9,1.1121912110270063e-10,4.2746604433494335e-9,9.1414307486211e-9,4.421420822434308e-6,-1.6608114489296452e-6,-2.874868579194224e-5,9.425619531475726e-8,3.166661760572873e-5,-5.022400090110354e-8,4.062802324966389e-7,7.498961817610812e-8,-2.9150062470728233e-7,0.00982644558529511,0.0018018297697594277,-0.0019392713495681045,-1.0951842364013774e-9,-9.989927047838212e-8,5.584640918442424e-5
-4.235157115398874e-9,-4.1347178446308415e-9,7.587829620613955e-9,-3.311037047372529e-9,1.8611020990442422e-5,-1.7888063678218255e-7,-1.9062013736348712e-6,3.697554340646545e-5,-1.9961979452983217e-6,6.529433658390223e-6,-1.7878455823305589e-6,-4.847692346818409e-6,-1.8985193255791815e-6,-3.835444010283744e-6,-1.1464665873784257e-5,1.773636374881755e-5,-2.8512951303685535e-9,2.681020331941258e-9,6.0660099341085975e-9,3.0496149491876305e-7,-7.919230502705303e-6,-6.739127613742117e-6,-7.153376068237513e-5,-2.8293521707128924e-7,0.00013940269039904726,4.042328604390871e-7,6.780146259731496e-6,-3.7166034422696455e-7,3.096987924495746e-6,-0.01563495783378123,-0.0017909765091030118,-0.0007407107198394781,9.0103977030266e-10,8.198901981374013e-7,-6.710828338173733e-5
1.7809842186383368e-9,8.577682618385089e-10,7.373011745294932e-10,-9.764634570748284e-9,-1.1726818477481517e-5,1.7626495193906861e-7,-1.656068167210023e-7,-1.9961979452983217e-6,3.1439732822538708e-6,-1.1124368171837868e-6,3.228595303269328e-7,1.2661330400451537e-6,1.2288524175885248e-7,1.7824490412574222e-6,8.575708981834751e-6,-3.159857798798144e-6,3.8253730251690514e-9,-2.2449151204861277e-10,-5.344521963399031e-9,-1.2796896510715695e-6,-3.3266874993715407e-7,1.6915181587530477e-6,7.303796089713638e-6,1.8235296367366033e-7,3.0390133803464828e-5,-3.005019901948381e-8,1.1623925422514963e-6,2.2143575055977628e-8,8.989635821280765e-8,-0.002628439023121202,6.597202498217183e-6,0.0003433833316976012,2.4247302020270925e-10,5.505164578667151e-8,4.839590546795987e-6
-4.895697983981418e-8,-2.118014827514257e-9,-7.772327083832232e-9,2.307333409806842e-7,7.195133404457672e-5,5.511323980492536e-7,9.925557183974434e-6,6.529433658390223e-6,-1.1124368171837868e-6,8.267128350445298e-5,-1.0201036528246317e-5,-7.407366751260148e-6,3.8110624105541963e-6,-5.37525554145934e-6,1.3271853413317449e-5,6.507367823219895e-5,-2.3663701868192886e-8,1.3271534817737223e-9,5.182484718537902e-9,6.163078202544713e-6,1.3410382139739467e-5,2.6560297488889203e-7,-0.00010077396083752838,-1.7179064653564204e-6,0.00011960750796537818,-3.2632976270196926e-7,1.1171303469338551e-5,1.288779100579257e-7,-3.7739008600094467e-7,0.025427669850026653,0.0012919733120362862,-0.004807452452142714,-1.6493699157717519e-9,2.2434383176490777e-8,-5.612724058950133e-6
9.303708273427936e-9,1.1959032964683935e-9,1.8731281750865106e-9,-7.955852026320761e-8,-4.175954725791715e-5,8.337893456739464e-7,-1.3717272911999886e-6,-1.7878455823305589e-6,3.228595303269328e-7,-1.0201036528246317e-5,1.3257274792390425e-5,1.991757873355268e-6,5.158935978781217e-7,6.76754692131763e-7,6.741153543375788e-7,-1.0205948318873052e-5,-1.424459157163971e-9,6.832796080869894e-10,-4.24617496083146e-9,-3.965694731516315e-6,-5.537860914060164e-6,-3.5970549703242207e-6,-3.6806896986558698e-6,-4.139402617023446e-8,-5.766641909937375e-5,1.0962895975522567e-7,1.2909042420098285e-6,-3.470089211670494e-7,1.9166119561456873e-6,-0.015699674529978502,-0.0015492460344124258,0.00253208745133306,2.0821740056294923e-9,-1.1677184688713328e-7,-1.8595957549003878e-5
4.683829636259261e-9,3.7984419826989824e-10,-3.0170461826237974e-9,-5.463590209122235e-8,5.4746976017451505e-6,-1.1145918426013016e-7,3.4426569639447595e-7,-4.847692346818409e-6,1.2661330400451537e-6,-7.407366751260148e-6,1.991757873355268e-6,7.179978125881841e-6,2.63454931308362e-7,4.058238573631817e-6,5.831928773476101e-6,-2.4366884276218564e-6,9.211210042879261e-9,-1.3451798774602273e-9,8.877234093457826e-9,7.164797162380305e-7,9.283815511112485e-7,-5.048475501943008e-6,1.5938744890034483e-5,8.088406032541978e-8,-4.9794293342262784e-5,1.5283271142140168e-8,-1.4430428846650692e-6,1.253498655612374e-7,-9.201641104506117e-7,-0.009191936994406161,0.0003713250414203615,5.36524602981109e-5,-2.729401540158255e-10,2.119188911070707e-8,8.050004893453297e-5
-8.940012969510897e-9,-6.927022073191485e-10,-9.238693038217374e-9,-4.0441700132848334e-9,-1.5769018602767202e-5,-2.975449133833602e-8,-1.7641467776055295e-7,-1.8985193255791815e-6,1.2288524175885248e-7,3.8110624105541963e-6,5.158935978781217e-7,2.63454931308362e-7,5.692964622027683e-6,1.3150983420927845e-6,-8.417508513343656e-6,8.206040207773282e-6,-1.4709476562744166e-10,-9.58737399496616e-12,-2.684334777050728e-9,2.86393333161144e-7,1.4208457371319375e-6,-1.5221281112044128e-6,6.337347099516489e-6,-1.1073595339782354e-6,-4.800556616852667e-5,-1.7783839961033107e-8,1.419743919580324e-6,9.576776991868218e-8,-6.177354442487838e-7,0.005627740284594416,-0.0014555338769360671,0.0004632772688605895,2.3195440656514596e-10,2.283069008208536e-8,-4.083774116243331e-5
1.4190144644793506e-9,2.979304901126861e-10,-1.008334577926095e-8,-3.737899506390912e-8,-2.0582422584180282e-5,2.4590237775395556e-7,-2.7583725226864767e-7,-3.835444010283744e-6,1.7824490412574222e-6,-5.37525554145934e-6,6.76754692131763e-7,4.058238573631817e-6,1.3150983420927845e-6,6.700959169898156e-6,1.1795827046952455e-6,-1.1362911088139995e-6,5.642884683619903e-9,-6.727924954384349e-10,-3.647901723778219e-9,9.231178497440322e-7,1.716495487087234e-6,-2.676286828937866e-6,6.313451269219972e-6,-1.9638012192923268e-7,-6.209589111795927e-5,-7.154570357401724e-8,-1.2117863980017012e-6,1.7835365279627912e-7,-2.391068173482006e-6,-0.010491697599677626,-0.0004179306419728109,0.0004557349166084017,-1.3785202117534762e-10,-9.172257102316135e-8,3.8592717608551526e-5
4.3929953918548705e-8,1.2303038898671634e-9,-9.161764483401508e-9,-3.032871046927803e-7,8.599821595436885e-5,4.624734100224646e-6,-4.776526190819905e-8,-1.1464665873784257e-5,8.575708981834751e-6,1.3271853413317449e-5,6.741153543375788e-7,5.831928773476101e-6,-8.417508513343656e-6,1.1795827046952455e-6,0.0005480025962123766,-0.0002988578425280535,5.753552744088729e-8,1.5188590737813148e-9,-2.070468361236803e-9,-7.509064785346097e-6,-1.4948230407600392e-5,1.4378326791201589e-5,-0.00020143953377279168,3.149103666186116e-6,0.0006932374989709863,-6.504364667292903e-7,-3.3810899952169403e-6,-1.1294985257175928e-6,3.6783248572784954e-6,0.012352980395251144,-0.0015561985110599313,0.004977016292248695,4.290630005906587e-9,-1.0637924310078309e-6,-0.00012776192088998525
-8.611006579005139e-8,-3.42495689992792e-9,8.238837251545882e-9,2.9433857489926226e-7,1.4719815066144024e-6,-2.6033315535792466e-6,9.696415520591567e-6,1.773636374881755e-5,-3.159857798798144e-6,6.507367823219895e-5,-1.0205948318873052e-5,-2.4366884276218564e-6,8.206040207773282e-6,-1.1362911088139995e-6,-0.0002988578425280535,0.0002652128268749632,-2.2661535481493644e-8,-1.6504464395777728e-9,1.059339701858129e-8,1.302143201826078e-5,2.2095091516913017e-5,-1.9719597257646408e-5,8.824351325849285e-5,-3.0811651840210477e-6,-0.0003974237434151867,2.835513554711296e-7,1.593129841155218e-5,8.428215525036307e-7,-2.2095160610455944e-6,-0.012360661443138396,0.002016088566349057,-0.006186516486494391,-3.0522040825157597e-9,1.0889475451942863e-6,9.538353190198531e-5
3.1522987869323093e-12,5.669403567154429e-13,1.639313893347943e-11,-9.764993367217263e-11,-5.829328796220524e-8,-4.757965815068002e-12,-4.1633335032503824e-9,-2.8512951303685535e-9,3.8253730251690514e-9,-2.3663701868192886e-8,-1.424459157163971e-9,9.211210042879261e-9,-1.4709476562744166e-10,5.642884683619903e-9,5.753552744088729e-8,-2.2661535481493644e-8,6.625198213845843e-11,-7.704698964736723e-12,1.3879961350838559e-12,1.3804038567802792e-8,2.5686268806174864e-9,-1.0845651523553602e-8,1.708360361448423e-8,-1.6132117232043454e-10,-8.623283874495723e-8,1.0016676533006061e-10,-3.6259170107947708e-9,6.009907994222623e-11,-1.3993625643679767e-9,-1.4808303127956851e-5,-1.8235905064543682e-7,5.502611093187599e-6,2.757993451843832e-12,1.1235627798304804e-10,-5.086495788302569e-8
-1.7782422890010341e-12,2.423886891260808e-13,-3.0697480401244765e-12,-1.1279690603807102e-11,-2.3476182872125405e-9,9.689180375699e-11,1.1121912110270063e-10,2.681020331941258e-9,-2.2449151204861277e-10,1.3271534817737223e-9,6.832796080869894e-10,-1.3451798774602273e-9,-9.58737399496616e-12,-6.727924954384349e-10,1.5188590737813148e-9,-1.6504464395777728e-9,-7.704698964736723e-12,3.941660067020655e-12,-1.883756032755371e-12,-1.801646179785384e-9,-3.1432041037046985e-9,1.7902083306600252e-9,-4.468232666429833e-9,-1.4079911027459606e-10,6.081861607044602e-8,2.933788504510197e-11,4.5191594252047365e-10,-1.0766502437056086e-10,8.865915934640462e-10,-6.389301587368019e-6,-1.8979581469407725e-7,-3.0754775534663964e-7,3.8124154521946047e-14,-5.547304591831446e-13,-1.6212530744240076e-8
2.355473818629061e-13,-4.2113039626231355e-12,7.575347463119465e-12,-5.736723178640653e-12,1.3578800905767638e-7,-6.148640268169974e-10,4.2746604433494335e-9,6.0660099341085975e-9,-5.344521963399031e-9,5.182484718537902e-9,-4.24617496083146e-9,8.877234093457826e-9,-2.684334777050728e-9,-3.647901723778219e-9,-2.070468361236803e-9,1.059339701858129e-8,1.3879961350838559e-12,-1.883756032755371e-12,6.855947409865426e-11,1.098902671130342e-8,1.5160137391421233e-9,-1.0469687201715513e-8,-1.8013507104854996e-8,1.5366332451346375e-10,1.3104630068229348e-7,4.168231842965352e-10,-1.7466461975446405e-9,1.916545760491482e-11,5.517426226982245e-10,5.494656392984612e-6,1.905104100643253e-6,-5.27908624255917e-6,-2.9272441631455663e-12,4.5720319438890993e-10,2.5127311913871524e-7
-1.008497337450109e-8,1.6027005611712709e-9,2.2208465544067828e-9,7.174070477289982e-8,-4.83647989263927e-5,1.8545288827093183e-7,9.1414307486211e-9,3.0496149491876305e-7,-1.2796896510715695e-6,6.163078202544713e-6,-3.965694731516315e-6,7.164797162380305e-7,2.86393333161144e-7,9.231178497440322e-7,-7.509064785346097e-6,1.302143201826078e-5,1.3804038567802792e-8,-1.801646179785384e-9,1.098902671130342e-8,4.155516280430363e-5,5.897051714989263e-6,-1.086142852511401e-5,-6.175008943325774e-5,-1.2340978189398081e-6,1.930098740899414e-5,-3.3663322175836316e-8,7.253559302620874e-8,2.441526098919149e-8,-2.4661767735511547e-6,0.0068016362058282796,0.0005991345576531987,0.0004243197692977523,5.974257156417208e-10,1.3597954280256052e-7,-2.37003082664275e-5
-1.960799448897087e-8,-2.3910488287083646e-10,-8.864520004875706e-9,8.48954910126928e-8,2.5078435842199644e-5,-3.7163374015568425e-7,4.421420822434308e-6,-7.919230502705303e-6,-3.3266874993715407e-7,1.3410382139739467e-5,-5.537860914060164e-6,9.283815511112485e-7,1.4208457371319375e-6,1.716495487087234e-6,-1.4948230407600392e-5,2.2095091516913017e-5,2.5686268806174864e-9,-3.1432041037046985e-9,1.5160137391421233e-9,5.897051714989263e-6,2.0861598652060587e-5,-6.012886198810692e-6,-1.8459612322738375e-5,9.18255306034473e-8,-6.670358884051084e-5,-8.77995366310931e-8,-5.6922138099985425e-6,4.378003398173646e-7,-4.383143041894378e-6,0.028182635147245474,0.00365195718572344,-0.0016935130468864275,-2.0612174704126144e-9,-3.951625079270794e-7,7.192195209686824e-5
2.2177618417121308e-8,4.613064930531623e-9,-2.582096882296033e-9,7.077069099781272e-9,4.82567551019155e-5,-8.279899727574415e-7,-1.6608114489296452e-6,-6.739127613742117e-6,1.6915181587530477e-6,2.6560297488889203e-7,-3.5970549703242207e-6,-5.048475501943008e-6,-1.5221281112044128e-6,-2.676286828937866e-6,1.4378326791201589e-5,-1.9719597257646408e-5,-1.0845651523553602e-8,1.7902083306600252e-9,-1.0469687201715513e-8,-1.086142852511401e-5,-6.012886198810692e-6,3.393922906090099e-5,9.618227238656665e-6,1.3182297168684264e-6,9.209853568954617e-5,-1.1066178482087154e-7,-2.8749231072233442e-6,4.016000626771685e-7,5.793330577646133e-7,-0.002896321661446083,0.00020070349393524301,-0.00021674344052836423,-1.6814046900457725e-9,-4.91914284335287e-8,-4.445280421724811e-5
-5.82414331378216e-8,-9.731885162181581e-9,4.2626232789955535e-8,-2.3054412664688355e-7,-0.0004443044847821068,1.3031092536235504e-6,-2.874868579194224e-5,-7.153376068237513e-5,7.303796089713638e-6,-0.00010077396083752838,-3.6806896986558698e-6,1.5938744890034483e-5,6.337347099516489e-6,6.313451269219972e-6,-0.00020143953377279168,8.824351325849285e-5,1.708360361448423e-8,-4.468232666429833e-9,-1.8013507104854996e-8,-6.175008943325774e-5,-1.8459612322738375e-5,9.618227238656665e-6,0.0034821523572679406,7.153113553590689e-6,-0.001318804837761053,4.3318027571860586e-8,-1.552746039819904e-5,8.028539947042443e-7,7.918238069436094e-6,-0.35359300561335044,-0.023471624455060198,-0.006813001648402276,-8.080667414232736e-9,3.0531451248121007e-6,0.0006775180170209945
2.623288556430724e-9,6.114284700328978e-11,2.0419666709551694e-9,-6.669021046116453e-9,-8.767156054918925e-7,1.1446133204886509e-7,9.425619531475726e-8,-2.8293521707128924e-7,1.8235296367366033e-7,-1.7179064653564204e-6,-4.139402617023446e-8,8.088406032541978e-8,-1.1073595339782354e-6,-1.9638012192923268e-7,3.149103666186116e-6,-3.0811651840210477e-6,-1.6132117232043454e-10,-1.4079911027459606e-10,1.5366332451346375e-10,-1.2340978189398081e-6,9.18255306034473e-8,1.3182297168684264e-6,7.153113553590689e-6,1.1126700129139426e-6,-1.014912496422366e-5,4.54883181026112e-8,-1.989403578445708e-6,2.6298429703310653e-8,-5.585804468059723e-7,-0.0035143225317043627,0.00038636646174258315,-0.00012665016078397485,-3.225498249650527e-10,-2.5185766372963965e-8,1.832461894774219e-5
2.3637213413205902e-8,8.5346310947401e-9,-6.950265448611474e-8,1.3086539992618754e-6,0.0019390460579817967,-1.2055320156623555e-5,3.166661760572873e-5,0.00013940269039904726,3.0390133803464828e-5,0.00011960750796537818,-5.766641909937375e-5,-4.9794293342262784e-5,-4.800556616852667e-5,-6.209589111795927e-5,0.0006932374989709863,-0.0003974237434151867,-8.623283874495723e-8,6.081861607044602e-8,1.3104630068229348e-7,1.930098740899414e-5,-6.670358884051084e-5,9.209853568954617e-5,-0.001318804837761053,-1.014912496422366e-5,0.014921699617169843,4.446195548406594e-6,7.467524875810644e-5,-5.565983139218305e-6,9.663673479153402e-5,0.8672335348340277,0.05821594998383027,-0.02754570544398766,2.0124462889740804e-9,-4.813217562370348e-6,-0.0001790799621566013
1.6294064181700904e-10,-2.7870949426958658e-11,2.8541229838981545e-10,-3.765937383404549e-10,-6.870009961895187e-7,7.994657305044868e-9,-5.022400090110354e-8,4.042328604390871e-7,-3.005019901948381e-8,-3.2632976270196926e-7,1.0962895975522567e-7,1.5283271142140168e-8,-1.7783839961033107e-8,-7.154570357401724e-8,-6.504364667292903e-7,2.835513554711296e-7,1.0016676533006061e-10,2.933788504510197e-11,4.168231842965352e-10,-3.3663322175836316e-8,-8.77995366310931e-8,-1.1066178482087154e-7,4.3318027571860586e-8,4.54883181026112e-8,4.446195548406594e-6,3.414671744432793e-8,-5.088392435763261e-8,-6.11035813045636e-9,2.6966195700702984e-8,-0.0006777126483939846,-4.1140948642334834e-5,4.5763306401169914e-5,3.050576111306742e-11,6.5841785843329695e-9,-8.054496872217322e-8
-1.2290644555426969e-8,-1.57321192175274e-9,4.1792403697555926e-10,2.2192345840610295e-8,2.9994205890975924e-5,6.879538717285943e-8,4.062802324966389e-7,6.780146259731496e-6,1.1623925422514963e-6,1.1171303469338551e-5,1.2909042420098285e-6,-1.4430428846650692e-6,1.419743919580324e-6,-1.2117863980017012e-6,-3.3810899952169403e-6,1.593129841155218e-5,-3.6259170107947708e-9,4.5191594252047365e-10,-1.7466461975446405e-9,7.253559302620874e-8,-5.6922138099985425e-6,-2.8749231072233442e-6,-1.552746039819904e-5,-1.989403578445708e-6,7.467524875810644e-5,-5.088392435763261e-8,1.578038624834914e-5,-1.5748851733320895e-7,4.0359709144041534e-6,0.008638865365601945,-0.0014421291641762252,-0.0006499196173287242,1.3878709922753192e-9,4.7317687097021576e-7,-6.38563317428322e-5
-7.435144974619722e-11,2.667549879160694e-11,-8.408788940701921e-10,1.358923997616203e-9,3.5439492811239197e-6,-5.358966625171261e-8,7.498961817610812e-8,-3.7166034422696455e-7,2.2143575055977628e-8,1.288779100579257e-7,-3.470089211670494e-7,1.253498655612374e-7,9.576776991868218e-8,1.7835365279627912e-7,-1.1294985257175928e-6,8.428215525036307e-7,6.009907994222623e-11,-1.0766502437056086e-10,1.916545760491482e-11,2.441526098919149e-8,4.378003398173646e-7,4.016000626771685e-7,8.028539947042443e-7,2.6298429703310653e-8,-5.565983139218305e-6,-6.11035813045636e-9,-1.5748851733320895e-7,5.790532139630924e-8,-2.9215723470095535e-7,0.0008023809157083958,9.20913016613552e-5,-7.332512762277089e-5,-1.6126525541203886e-10,7.057807076427645e-9,3.1424908645527507e-6
6.035101299537245e-10,7.200191988053711e-10,5.495413850580038e-9,-1.9824476607957314e-9,1.0974213811699454e-5,-2.542604064870432e-7,-2.9150062470728233e-7,3.096987924495746e-6,8.989635821280765e-8,-3.7739008600094467e-7,1.9166119561456873e-6,-9.201641104506117e-7,-6.177354442487838e-7,-2.391068173482006e-6,3.6783248572784954e-6,-2.2095160610455944e-6,-1.3993625643679767e-9,8.865915934640462e-10,5.517426226982245e-10,-2.4661767735511547e-6,-4.383143041894378e-6,5.793330577646133e-7,7.918238069436094e-6,-5.585804468059723e-7,9.663673479153402e-5,2.6966195700702984e-8,4.0359709144041534e-6,-2.9215723470095535e-7,4.024284708180651e-6,-0.0008551290033019573,-7.405466088558785e-5,-0.00018231798549682202,6.827622418021671e-10,1.1994690993000334e-7,-1.3684261470806352e-5
-3.606133593104564e-5,-8.67857151934825e-6,-6.812947661437244e-5,0.0002638891576508071,0.40441824283667466,-0.0023954257968538126,0.00982644558529511,-0.01563495783378123,-0.002628439023121202,0.025427669850026653,-0.015699674529978502,-0.009191936994406161,0.005627740284594416,-0.010491697599677626,0.012352980395251144,-0.012360661443138396,-1.4808303127956851e-5,-6.389301587368019e-6,5.494656392984612e-6,0.0068016362058282796,0.028182635147245474,-0.002896321661446083,-0.35359300561335044,-0.0035143225317043627,0.8672335348340277,-0.0006777126483939846,0.008638865365601945,0.0008023809157083958,-0.0008551290033019573,419.56261219477767,17.391838701036313,-1.43688644238413,-9.567262958657599e-7,-0.0017148737312334809,-0.15932082461266672
-1.499565684109482e-6,5.3158313086901e-7,-5.418934597024512e-7,1.4203626029825994e-5,0.031817844236046264,-0.0002636242166356994,0.0018018297697594277,-0.0017909765091030118,6.597202498217183e-6,0.0012919733120362862,-0.0015492460344124258,0.0003713250414203615,-0.0014555338769360671,-0.0004179306419728109,-0.0015561985110599313,0.002016088566349057,-1.8235905064543682e-7,-1.8979581469407725e-7,1.905104100643253e-6,0.0005991345576531987,0.00365195718572344,0.00020070349393524301,-0.023471624455060198,0.00038636646174258315,0.05821594998383027,-4.1140948642334834e-5,-0.0014421291641762252,9.20913016613552e-5,-7.405466088558785e-5,17.391838701036313,2.8290781358637465,-0.8386471199778057,-7.583525423516147e-7,-0.00014977246930631178,0.03191594012191295
3.702286795711267e-6,6.075012295227865e-7,1.619474737168132e-6,-2.73742805452449e-5,-0.029039640038952905,-9.614659521453728e-7,-0.0019392713495681045,-0.0007407107198394781,0.0003433833316976012,-0.004807452452142714,0.00253208745133306,5.36524602981109e-5,0.0004632772688605895,0.0004557349166084017,0.004977016292248695,-0.006186516486494391,5.502611093187599e-6,-3.0754775534663964e-7,-5.27908624255917e-6,0.0004243197692977523,-0.0016935130468864275,-0.00021674344052836423,-0.006813001648402276,-0.00012665016078397485,-0.02754570544398766,4.5763306401169914e-5,-0.0006499196173287242,-7.332512762277089e-5,-0.00018231798549682202,-1.43688644238413,-0.8386471199778057,2.666755168484914,1.5412244221503533e-6,-0.00011373529435572531,-0.05522685055422003
5.474101088589879e-13,5.777588673629753e-14,2.4922922206235398e-12,-1.3912393914235723e-11,-2.0660071008517605e-8,1.2090819976548253e-10,-1.0951842364013774e-9,9.0103977030266e-10,2.4247302020270925e-10,-1.6493699157717519e-9,2.0821740056294923e-9,-2.729401540158255e-10,2.3195440656514596e-10,-1.3785202117534762e-10,4.290630005906587e-9,-3.0522040825157597e-9,2.757993451843832e-12,3.8124154521946047e-14,-2.9272441631455663e-12,5.974257156417208e-10,-2.0612174704126144e-9,-1.6814046900457725e-9,-8.080667414232736e-9,-3.225498249650527e-10,2.0124462889740804e-9,3.050576111306742e-11,1.3878709922753192e-9,-1.6126525541203886e-10,6.827622418021671e-10,-9.567262958657599e-7,-7.583525423516147e-7,1.5412244221503533e-6,1.2912209977014488e-12,-3.606960709006052e-11,-4.1753794143145383e-8
-1.1543219137004833e-10,-3.991420763212721e-11,6.733164722435994e-10,-1.264656510330775e-9,-4.3148549906215334e-8,-3.3469646831077746e-8,-9.989927047838212e-8,8.198901981374013e-7,5.505164578667151e-8,2.2434383176490777e-8,-1.1677184688713328e-7,2.119188911070707e-8,2.283069008208536e-8,-9.172257102316135e-8,-1.0637924310078309e-6,1.0889475451942863e-6,1.1235627798304804e-10,-5.547304591831446e-13,4.5720319438890993e-10,1.3597954280256052e-7,-3.951625079270794e-7,-4.91914284335287e-8,3.0531451248121007e-6,-2.5185766372963965e-8,-4.813217562370348e-6,6.5841785843329695e-9,4.7317687097021576e-7,7.057807076427645e-9,1.1994690993000334e-7,-0.0017148737312334809,-0.00014977246930631178,-0.00011373529435572531,-3.606960709006052e-11,9.123465863724366e-8,1.0158138925321079e-6
9.732206861688771e-9,4.745256810609673e-9,-3.755530843673909e-8,-5.896299112164307e-8,0.0008141249468416411,-2.2641729315534374e-6,5.584640918442424e-5,-6.710828338173733e-5,4.839590546795987e-6,-5.612724058950133e-6,-1.8595957549003878e-5,8.050004893453297e-5,-4.083774116243331e-5,3.8592717608551526e-5,-0.00012776192088998525,9.538353190198531e-5,-5.086495788302569e-8,-1.6212530744240076e-8,2.5127311913871524e-7,-2.37003082664275e-5,7.192195209686824e-5,-4.445280421724811e-5,0.0006775180170209945,1.832461894774219e-5,-0.0001790799621566013,-8.054496872217322e-8,-6.38563317428322e-5,3.1424908645527507e-6,-1.3684261470806352e-5,-0.15932082461266672,0.03191594012191295,-0.05522685055422003,-4.1753794143145383e-8,1.0158138925321079e-6,0.00394138413879491
