"year","hadcrut_temperature_obs","hadcrut_temperature_sigma","maunaloa_co2_obs","maunaloa_co2_sigma","lawdome_co2_obs","lawdome_co2_sigma","ocean_heat_obs","ocean_heat_sigma","oceanco2_flux_obs","oceanco2_flux_sigma","gmsl_obs","gmsl_sigma","greenland_obs","greenland_sigma","greenland_imbie_obs","greenland_imbie_sigma","merged_greenland_obs","merged_greenland_sigma","glaciers_obs","glaciers_sigma","antarctic_imbie_obs","antarctic_imbie_sigma","antarctic_inst_obs","antarctic_inst_sigma"
1850,-0.08100000000000002,0.106,NA,NA,NA,NA,NA,NA,NA,NA,NA,NA,NA,NA,NA,NA,NA,NA,NA,NA,NA,NA,NA,NA
1851,0.07399999999999998,0.102,NA,NA,NA,NA,NA,NA,NA,NA,NA,NA,NA,NA,NA,NA,NA,NA,NA,NA,NA,NA,NA,NA
1852,0.06399999999999997,0.1,NA,NA,NA,NA,NA,NA,NA,NA,NA,NA,NA,NA,NA,NA,NA,NA,NA,NA,NA,NA,NA,NA
1853,0.022999999999999965,0.098,NA,NA,NA,NA,NA,NA,NA,NA,NA,NA,NA,NA,NA,NA,NA,NA,NA,NA,NA,NA,NA,NA
1854,0.043999999999999984,0.089,NA,NA,284.9,1.2,NA,NA,NA,NA,NA,NA,NA,NA,NA,NA,NA,NA,NA,NA,NA,NA,NA,NA
1855,0.019999999999999962,0.088,NA,NA,NA,NA,NA,NA,NA,NA,NA,NA,NA,NA,NA,NA,NA,NA,NA,NA,NA,NA,NA,NA
1856,-0.066,0.088,NA,NA,NA,NA,NA,NA,NA,NA,NA,NA,NA,NA,NA,NA,NA,NA,NA,NA,NA,NA,NA,NA
1857,-0.16900000000000004,0.084,NA,NA,NA,NA,NA,NA,NA,NA,NA,NA,NA,NA,NA,NA,NA,NA,NA,NA,NA,NA,NA,NA
1858,-0.17500000000000004,0.086,NA,NA,NA,NA,NA,NA,NA,NA,NA,NA,NA,NA,NA,NA,NA,NA,NA,NA,NA,NA,NA,NA
1859,0.008000000000000007,0.089,NA,NA,NA,NA,NA,NA,NA,NA,NA,NA,NA,NA,NA,NA,NA,NA,NA,NA,NA,NA,NA,NA
1860,-0.051000000000000045,0.09,NA,NA,NA,NA,NA,NA,NA,NA,NA,NA,NA,NA,NA,NA,NA,NA,NA,NA,NA,NA,NA,NA
1861,-0.11499999999999999,0.099,NA,NA,286.6,1.2,NA,NA,NA,NA,NA,NA,NA,NA,NA,NA,NA,NA,NA,NA,NA,NA,NA,NA
1862,-0.23200000000000004,0.104,NA,NA,NA,NA,NA,NA,NA,NA,NA,NA,NA,NA,NA,NA,NA,NA,NA,NA,NA,NA,NA,NA
1863,0.013999999999999957,0.106,NA,NA,NA,NA,NA,NA,NA,NA,NA,NA,NA,NA,NA,NA,NA,NA,NA,NA,NA,NA,NA,NA
1864,-0.202,0.101,NA,NA,NA,NA,NA,NA,NA,NA,NA,NA,NA,NA,NA,NA,NA,NA,NA,NA,NA,NA,NA,NA
1865,0.012999999999999956,0.109,NA,NA,NA,NA,NA,NA,NA,NA,NA,NA,NA,NA,NA,NA,NA,NA,NA,NA,NA,NA,NA,NA
1866,0.04099999999999998,0.103,NA,NA,NA,NA,NA,NA,NA,NA,NA,NA,NA,NA,NA,NA,NA,NA,NA,NA,NA,NA,NA,NA
1867,-0.029000000000000026,0.102,NA,NA,NA,NA,NA,NA,NA,NA,NA,NA,NA,NA,NA,NA,NA,NA,NA,NA,NA,NA,NA,NA
1868,0.05399999999999999,0.098,NA,NA,NA,NA,NA,NA,NA,NA,NA,NA,NA,NA,NA,NA,NA,NA,NA,NA,NA,NA,NA,NA
1869,0.02999999999999997,0.09,NA,NA,287.4,1.2,NA,NA,NA,NA,NA,NA,NA,NA,NA,NA,NA,NA,NA,NA,NA,NA,NA,NA
1870,0.01599999999999996,0.082,NA,NA,NA,NA,NA,NA,NA,NA,NA,NA,NA,NA,NA,NA,NA,NA,NA,NA,NA,NA,NA,NA
1871,-0.04300000000000004,0.087,NA,NA,NA,NA,NA,NA,NA,NA,NA,NA,NA,NA,NA,NA,NA,NA,NA,NA,NA,NA,NA,NA
1872,0.06499999999999997,0.081,NA,NA,NA,NA,NA,NA,NA,NA,NA,NA,NA,NA,NA,NA,NA,NA,NA,NA,NA,NA,NA,NA
1873,-0.01200000000000001,0.078,NA,NA,NA,NA,NA,NA,NA,NA,NA,NA,NA,NA,NA,NA,NA,NA,NA,NA,NA,NA,NA,NA
1874,-0.07600000000000001,0.077,NA,NA,NA,NA,NA,NA,NA,NA,NA,NA,NA,NA,NA,NA,NA,NA,NA,NA,NA,NA,NA,NA
1875,-0.10300000000000004,0.076,NA,NA,NA,NA,NA,NA,NA,NA,NA,NA,NA,NA,NA,NA,NA,NA,NA,NA,NA,NA,NA,NA
1876,-0.09200000000000003,0.075,NA,NA,NA,NA,NA,NA,NA,NA,NA,NA,NA,NA,NA,NA,NA,NA,NA,NA,NA,NA,NA,NA
1877,0.21699999999999997,0.075,NA,NA,288.8,1.2,NA,NA,NA,NA,NA,NA,NA,NA,NA,NA,NA,NA,NA,NA,NA,NA,NA,NA
1878,0.32699999999999996,0.075,NA,NA,NA,NA,NA,NA,NA,NA,NA,NA,NA,NA,NA,NA,NA,NA,NA,NA,NA,NA,NA,NA
1879,0.06199999999999997,0.071,NA,NA,NA,NA,NA,NA,NA,NA,NA,NA,NA,NA,NA,NA,NA,NA,NA,NA,NA,NA,NA,NA
1880,0.06499999999999997,0.073,NA,NA,NA,NA,NA,NA,NA,NA,-0.13419666666666666,0.0242,NA,NA,NA,NA,NA,NA,NA,NA,NA,NA,NA,NA
1881,0.09199999999999997,0.074,NA,NA,NA,NA,NA,NA,NA,NA,-0.12859666666666666,0.0242,NA,NA,NA,NA,NA,NA,NA,NA,NA,NA,NA,NA
1882,0.07899999999999999,0.071,NA,NA,291.9,1.2,NA,NA,NA,NA,-0.14539666666666667,0.023,NA,NA,NA,NA,NA,NA,NA,NA,NA,NA,NA,NA
1883,-0.0040000000000000036,0.065,NA,NA,NA,NA,NA,NA,NA,NA,-0.14009666666666667,0.0228,NA,NA,NA,NA,NA,NA,NA,NA,NA,NA,NA,NA
1884,-0.11699999999999999,0.065,NA,NA,NA,NA,NA,NA,NA,NA,-0.11919666666666667,0.0222,NA,NA,NA,NA,NA,NA,NA,NA,NA,NA,NA,NA
1885,-0.09700000000000003,0.066,NA,NA,NA,NA,NA,NA,NA,NA,-0.12069666666666667,0.0219,NA,NA,NA,NA,NA,NA,NA,NA,NA,NA,NA,NA
1886,-0.07500000000000001,0.065,NA,NA,293.7,1.2,NA,NA,NA,NA,-0.12309666666666666,0.0208,NA,NA,NA,NA,NA,NA,NA,NA,NA,NA,NA,NA
1887,-0.126,0.064,NA,NA,NA,NA,NA,NA,NA,NA,-0.12869666666666665,0.0208,NA,NA,NA,NA,NA,NA,NA,NA,NA,NA,NA,NA
1888,-0.015000000000000013,0.063,NA,NA,NA,NA,NA,NA,NA,NA,-0.12659666666666666,0.0208,NA,NA,NA,NA,NA,NA,NA,NA,NA,NA,NA,NA
1889,0.12099999999999997,0.065,NA,NA,NA,NA,NA,NA,NA,NA,-0.12499666666666667,0.0208,NA,NA,NA,NA,NA,NA,NA,NA,NA,NA,NA,NA
1890,-0.124,0.063,NA,NA,NA,NA,NA,NA,NA,NA,-0.12299666666666667,0.0207,NA,NA,NA,NA,NA,NA,NA,NA,NA,NA,NA,NA
1891,-0.038000000000000034,0.064,NA,NA,NA,NA,NA,NA,NA,NA,-0.12469666666666668,0.0207,NA,NA,NA,NA,NA,NA,NA,NA,NA,NA,NA,NA
1892,-0.16300000000000003,0.065,NA,NA,294.6,1.2,NA,NA,NA,NA,-0.12149666666666667,0.0207,NA,NA,NA,NA,NA,NA,NA,NA,NA,NA,NA,NA
1893,-0.181,0.064,NA,NA,NA,NA,NA,NA,NA,NA,-0.11679666666666669,0.020300000000000002,NA,NA,NA,NA,NA,NA,NA,NA,NA,NA,NA,NA
1894,-0.118,0.063,NA,NA,NA,NA,NA,NA,NA,NA,-0.12649666666666667,0.0216,NA,NA,NA,NA,NA,NA,NA,NA,NA,NA,NA,NA
1895,-0.09800000000000003,0.062,NA,NA,NA,NA,NA,NA,NA,NA,-0.11469666666666667,0.0216,NA,NA,NA,NA,NA,NA,NA,NA,NA,NA,NA,NA
1896,0.10599999999999998,0.064,NA,NA,NA,NA,NA,NA,NA,NA,-0.12229666666666669,0.0212,NA,NA,NA,NA,NA,NA,NA,NA,NA,NA,NA,NA
1897,0.086,0.063,NA,NA,NA,NA,NA,NA,NA,NA,-0.11709666666666668,0.0208,NA,NA,NA,NA,NA,NA,NA,NA,NA,NA,NA,NA
1898,-0.12,0.063,NA,NA,294.7,1.2,NA,NA,NA,NA,-0.10769666666666666,0.0197,NA,NA,NA,NA,NA,NA,NA,NA,NA,NA,NA,NA
1899,0.0030000000000000027,0.062,NA,NA,NA,NA,NA,NA,NA,NA,-0.10019666666666668,0.019399999999999997,NA,NA,NA,NA,NA,NA,NA,NA,NA,NA,NA,NA
1900,0.08899999999999997,0.063,NA,NA,NA,NA,NA,NA,NA,NA,-0.10559666666666667,0.0183,NA,NA,NA,NA,NA,NA,NA,NA,NA,NA,NA,NA
1901,0.032999999999999974,0.065,NA,NA,NA,NA,NA,NA,NA,NA,-0.10599666666666668,0.0176,NA,NA,NA,NA,NA,NA,NA,NA,NA,NA,NA,NA
1902,-0.11000000000000004,0.062,NA,NA,NA,NA,NA,NA,NA,NA,-0.10139666666666669,0.0173,NA,NA,NA,NA,NA,NA,NA,NA,NA,NA,NA,NA
1903,-0.187,0.063,NA,NA,NA,NA,NA,NA,NA,NA,-0.09339666666666668,0.017,NA,NA,NA,NA,NA,NA,NA,NA,NA,NA,NA,NA
1904,-0.22800000000000004,0.063,NA,NA,NA,NA,NA,NA,NA,NA,-0.10369666666666666,0.0169,NA,NA,NA,NA,NA,NA,NA,NA,NA,NA,NA,NA
1905,-0.08500000000000002,0.061,NA,NA,297.7,1.2,NA,NA,NA,NA,-0.10919666666666666,0.0154,NA,NA,NA,NA,NA,NA,NA,NA,NA,NA,NA,NA
1906,0.009000000000000008,0.062,NA,NA,NA,NA,NA,NA,NA,NA,-0.10239666666666669,0.0147,NA,NA,NA,NA,NA,NA,NA,NA,NA,NA,NA,NA
1907,-0.17300000000000004,0.06,NA,NA,NA,NA,NA,NA,NA,NA,-0.1037966666666667,0.0149,NA,NA,NA,NA,NA,NA,NA,NA,NA,NA,NA,NA
1908,-0.21900000000000003,0.059,NA,NA,NA,NA,NA,NA,NA,NA,-0.10629666666666668,0.0145,NA,NA,NA,NA,NA,NA,NA,NA,NA,NA,NA,NA
1909,-0.23000000000000004,0.059,NA,NA,NA,NA,NA,NA,NA,NA,-0.10179666666666667,0.0146,NA,NA,NA,NA,NA,NA,NA,NA,NA,NA,NA,NA
1910,-0.198,0.058,NA,NA,NA,NA,NA,NA,NA,NA,-0.10189666666666669,0.0146,NA,NA,NA,NA,NA,NA,NA,NA,NA,NA,NA,NA
1911,-0.25200000000000006,0.057,NA,NA,NA,NA,NA,NA,NA,NA,-0.09359666666666666,0.014199999999999999,NA,NA,NA,NA,NA,NA,NA,NA,NA,NA,NA,NA
1912,-0.14500000000000002,0.057,NA,NA,300.7,1.2,NA,NA,NA,NA,-0.09669666666666668,0.014199999999999999,NA,NA,NA,NA,NA,NA,NA,NA,NA,NA,NA,NA
1913,-0.132,0.058,NA,NA,NA,NA,NA,NA,NA,NA,-0.09489666666666668,0.0141,NA,NA,NA,NA,NA,NA,NA,NA,NA,NA,NA,NA
1914,0.04799999999999999,0.06,NA,NA,NA,NA,NA,NA,NA,NA,-0.08859666666666666,0.013800000000000002,NA,NA,NA,NA,NA,NA,NA,NA,NA,NA,NA,NA
1915,0.151,0.065,NA,NA,301.3,1.2,NA,NA,NA,NA,-0.08069666666666667,0.0136,NA,NA,NA,NA,NA,NA,NA,NA,NA,NA,NA,NA
1916,-0.09100000000000003,0.062,NA,NA,NA,NA,NA,NA,NA,NA,-0.08259666666666668,0.013,NA,NA,NA,NA,NA,NA,NA,NA,NA,NA,NA,NA
1917,-0.17600000000000005,0.065,NA,NA,NA,NA,NA,NA,NA,NA,-0.08709666666666666,0.0128,NA,NA,NA,NA,NA,NA,NA,NA,NA,NA,NA,NA
1918,-0.041000000000000036,0.069,NA,NA,NA,NA,NA,NA,NA,NA,-0.08869666666666667,0.0127,NA,NA,NA,NA,NA,NA,NA,NA,NA,NA,NA,NA
1919,0.01699999999999996,0.066,NA,NA,NA,NA,NA,NA,NA,NA,-0.08709666666666666,0.0127,NA,NA,NA,NA,NA,NA,NA,NA,NA,NA,NA,NA
1920,0.044999999999999984,0.065,NA,NA,NA,NA,NA,NA,NA,NA,-0.08579666666666666,0.013,NA,NA,NA,NA,NA,NA,NA,NA,NA,NA,NA,NA
1921,0.10499999999999998,0.059,NA,NA,NA,NA,NA,NA,NA,NA,-0.08369666666666667,0.013099999999999999,NA,NA,NA,NA,NA,NA,NA,NA,NA,NA,NA,NA
1922,-0.010000000000000009,0.059,NA,NA,NA,NA,NA,NA,NA,NA,-0.08459666666666665,0.0132,NA,NA,NA,NA,NA,NA,NA,NA,NA,NA,NA,NA
1923,0.01599999999999996,0.056,NA,NA,NA,NA,NA,NA,NA,NA,-0.08339666666666667,0.013,NA,NA,NA,NA,NA,NA,NA,NA,NA,NA,NA,NA
1924,-0.0020000000000000018,0.058,NA,NA,304.5,1.2,NA,NA,NA,NA,-0.09069666666666668,0.013099999999999999,NA,NA,NA,NA,NA,NA,NA,NA,NA,NA,NA,NA
1925,0.07699999999999999,0.057,NA,NA,NA,NA,NA,NA,NA,NA,-0.08869666666666667,0.0136,NA,NA,NA,NA,NA,NA,NA,NA,NA,NA,NA,NA
1926,0.184,0.057,NA,NA,NA,NA,NA,NA,NA,NA,-0.08219666666666667,0.013699999999999999,NA,NA,NA,NA,NA,NA,NA,NA,NA,NA,NA,NA
1927,0.08199999999999999,0.056,NA,NA,NA,NA,NA,NA,NA,NA,-0.08329666666666666,0.0129,NA,NA,NA,NA,NA,NA,NA,NA,NA,NA,NA,NA
1928,0.086,0.055,NA,NA,NA,NA,NA,NA,NA,NA,-0.08719666666666667,0.0123,NA,NA,NA,NA,NA,NA,NA,NA,NA,NA,NA,NA
1929,-0.057999999999999996,0.056,NA,NA,NA,NA,NA,NA,NA,NA,-0.08579666666666666,0.0121,NA,NA,NA,NA,NA,NA,NA,NA,NA,NA,NA,NA
1930,0.15499999999999997,0.056,NA,NA,NA,NA,NA,NA,NA,NA,-0.08179666666666666,0.012,NA,NA,NA,NA,NA,NA,NA,NA,NA,NA,NA,NA
1931,0.205,0.056,NA,NA,NA,NA,NA,NA,NA,NA,-0.08219666666666667,0.012199999999999999,NA,NA,NA,NA,NA,NA,NA,NA,NA,NA,NA,NA
1932,0.15499999999999997,0.054,NA,NA,307.8,1.2,NA,NA,NA,NA,-0.07649666666666669,0.0119,NA,NA,NA,NA,NA,NA,NA,NA,NA,NA,NA,NA
1933,0.01899999999999996,0.054,NA,NA,NA,NA,NA,NA,NA,NA,-0.07219666666666669,0.011800000000000001,NA,NA,NA,NA,NA,NA,NA,NA,NA,NA,NA,NA
1934,0.16099999999999998,0.053,NA,NA,NA,NA,NA,NA,NA,NA,-0.07759666666666667,0.0119,NA,NA,NA,NA,NA,NA,NA,NA,NA,NA,NA,NA
1935,0.11399999999999999,0.053,NA,NA,NA,NA,NA,NA,NA,NA,-0.07199666666666668,0.0119,NA,NA,NA,NA,NA,NA,NA,NA,NA,NA,NA,NA
1936,0.145,0.05,NA,NA,NA,NA,NA,NA,NA,NA,-0.07589666666666667,0.011800000000000001,NA,NA,NA,NA,NA,NA,NA,NA,NA,NA,NA,NA
1937,0.26599999999999996,0.049,NA,NA,NA,NA,NA,NA,NA,NA,-0.07019666666666668,0.011800000000000001,NA,NA,NA,NA,NA,NA,NA,NA,NA,NA,NA,NA
1938,0.286,0.051,NA,NA,310.5,1.2,NA,NA,NA,NA,-0.06759666666666667,0.011800000000000001,NA,NA,NA,NA,NA,NA,NA,NA,NA,NA,NA,NA
1939,0.24,0.053,NA,NA,311.0,1.2,NA,NA,NA,NA,-0.06239666666666668,0.012199999999999999,NA,NA,NA,NA,NA,NA,NA,NA,NA,NA,NA,NA
1940,0.306,0.06,NA,NA,NA,NA,NA,NA,NA,NA,-0.06769666666666668,0.0111,NA,NA,NA,NA,NA,NA,NA,NA,NA,NA,NA,NA
1941,0.312,0.056,NA,NA,NA,NA,NA,NA,NA,NA,-0.05549666666666667,0.0108,NA,NA,NA,NA,NA,NA,NA,NA,NA,NA,NA,NA
1942,0.26499999999999996,0.058,NA,NA,NA,NA,NA,NA,NA,NA,-0.05549666666666667,0.0108,NA,NA,NA,NA,NA,NA,NA,NA,NA,NA,NA,NA
1943,0.288,0.06,NA,NA,NA,NA,NA,NA,NA,NA,-0.05549666666666667,0.0108,NA,NA,NA,NA,NA,NA,NA,NA,NA,NA,NA,NA
1944,0.43599999999999994,0.058,NA,NA,309.7,1.2,NA,NA,NA,NA,-0.061896666666666676,0.0107,NA,NA,NA,NA,NA,NA,NA,NA,NA,NA,NA,NA
1945,0.317,0.061,NA,NA,NA,NA,NA,NA,NA,NA,-0.059096666666666665,0.0107,NA,NA,NA,NA,NA,NA,NA,NA,NA,NA,NA,NA
1946,0.22099999999999997,0.053,NA,NA,NA,NA,NA,NA,NA,NA,-0.05159666666666667,0.0106,NA,NA,NA,NA,NA,NA,NA,NA,NA,NA,NA,NA
1947,0.254,0.052,NA,NA,NA,NA,NA,NA,NA,NA,-0.04849666666666667,0.0096,NA,NA,NA,NA,NA,NA,NA,NA,NA,NA,NA,NA
1948,0.253,0.05,NA,NA,NA,NA,NA,NA,NA,NA,-0.04369666666666667,0.009300000000000001,NA,NA,NA,NA,NA,NA,NA,NA,NA,NA,NA,NA
1949,0.21799999999999997,0.048,NA,NA,NA,NA,NA,NA,NA,NA,-0.04499666666666668,0.008400000000000001,NA,NA,NA,NA,NA,NA,NA,NA,NA,NA,NA,NA
1950,0.119,0.047,NA,NA,NA,NA,NA,NA,NA,NA,-0.04279666666666667,0.0079,NA,NA,NA,NA,NA,NA,NA,NA,NA,NA,NA,NA
1951,0.24,0.049,NA,NA,NA,NA,NA,NA,NA,NA,-0.03329666666666667,0.0078,NA,NA,NA,NA,NA,NA,NA,NA,NA,NA,NA,NA
1952,0.32,0.047,NA,NA,NA,NA,NA,NA,NA,NA,-0.03589666666666667,0.0077,NA,NA,NA,NA,NA,NA,NA,NA,NA,NA,NA,NA
1953,0.389,0.048,NA,NA,311.9,1.2,-12.23,11.74,NA,NA,-0.03149666666666667,0.0075,NA,NA,NA,NA,NA,NA,NA,NA,NA,NA,NA,NA
1954,0.16299999999999998,0.047,NA,NA,NA,NA,-7.64,11.26,NA,NA,-0.03439666666666667,0.0073,NA,NA,NA,NA,NA,NA,NA,NA,NA,NA,NA,NA
1955,0.10199999999999998,0.046,NA,NA,NA,NA,-9.2,8.52,NA,NA,-0.033496666666666675,0.0070999999999999995,NA,NA,NA,NA,NA,NA,NA,NA,NA,NA,NA,NA
1956,0.024999999999999967,0.044,NA,NA,NA,NA,-8.39,16.44,NA,NA,-0.038596666666666675,0.007,NA,NA,NA,NA,NA,NA,NA,NA,NA,NA,NA,NA
1957,0.285,0.044,NA,NA,NA,NA,-10.16,11.86,NA,NA,-0.025196666666666673,0.006900000000000001,NA,NA,NA,NA,NA,NA,NA,NA,NA,NA,NA,NA
1958,0.33799999999999997,0.043,NA,NA,NA,NA,-8.25,18.04,NA,NA,-0.023796666666666667,0.0066,-0.00019624400000000001,8.31e-5,NA,NA,-0.00019624400000000001,8.31e-5,NA,NA,NA,NA,NA,NA
1959,0.309,0.042,315.97,0.12,NA,NA,-8.71,17.84,NA,NA,-0.023496666666666673,0.0065,-2.654000000000046e-6,8.31e-5,NA,NA,-2.654000000000046e-6,8.31e-5,NA,NA,NA,NA,NA,NA
1960,0.243,0.042,316.91,0.12,NA,NA,-6.99,19.22,NA,NA,-0.01979666666666667,0.0066,6.3956e-5,8.31e-5,NA,NA,6.3956e-5,8.31e-5,NA,NA,NA,NA,NA,NA
1961,0.32999999999999996,0.042,317.64,0.12,NA,NA,-10.11,10.08,NA,NA,-0.013596666666666674,0.0066,0.000320486,8.31e-5,NA,NA,0.000320486,8.31e-5,-0.005207666666666666,0.001631578947,NA,NA,NA,NA
1962,0.306,0.042,318.45,0.12,NA,NA,-8.96,10.26,NA,NA,-0.01879666666666667,0.0066,0.000584436,8.31e-5,NA,NA,0.000584436,8.31e-5,-0.004327666666666666,0.0020498614960000002,NA,NA,NA,NA
1963,0.33999999999999997,0.043,318.99,0.12,NA,NA,-9.24,7.66,NA,NA,-0.020396666666666667,0.0066,0.0007085260000000001,8.31e-5,NA,NA,0.0007085260000000001,8.31e-5,-0.004127666666666666,0.002180055402,NA,NA,NA,NA
1964,0.06899999999999998,0.042,319.62,0.12,NA,NA,-5.8,8.38,NA,NA,-0.02829666666666667,0.0067,0.00045169599999999997,8.31e-5,NA,NA,0.00045169599999999997,8.31e-5,-0.004007666666666666,0.0022686980609999997,NA,NA,NA,NA
1965,0.15199999999999997,0.042,320.04,0.12,NA,NA,-5.36,5.46,NA,NA,-0.01709666666666667,0.0067,0.000362106,8.31e-5,NA,NA,0.000362106,8.31e-5,-0.003967666666666666,0.001792243767,NA,NA,NA,NA
1966,0.22399999999999998,0.042,321.38,0.12,NA,NA,-4.24,11.8,NA,NA,-0.022496666666666672,0.0066,0.0008844460000000001,8.31e-5,NA,NA,0.0008844460000000001,8.31e-5,-0.003567666666666666,0.001900277008,NA,NA,NA,NA
1967,0.21799999999999997,0.042,322.16,0.12,NA,NA,-3.81,7.96,NA,NA,-0.021096666666666673,0.0065,0.000972526,8.31e-5,NA,NA,0.000972526,8.31e-5,-0.003297666666666666,0.001925207756,NA,NA,NA,NA
1968,0.179,0.041,323.04,0.12,NA,NA,-2.65,5.24,NA,NA,-0.02029666666666667,0.0067,0.0011137060000000001,8.31e-5,NA,NA,0.0011137060000000001,8.31e-5,-0.003137666666666666,0.001864265928,NA,NA,NA,NA
1969,0.32399999999999995,0.041,324.62,0.12,NA,NA,-6.94,7.54,NA,NA,-0.01349666666666667,0.007,0.001361576,8.31e-5,NA,NA,0.001361576,8.31e-5,-0.0025676666666666664,0.0021163434900000003,NA,NA,NA,NA
1970,0.26499999999999996,0.041,325.68,0.12,NA,NA,-5.42,6.04,NA,NA,-0.01539666666666667,0.007,0.001292646,8.31e-5,NA,NA,0.001292646,8.31e-5,-0.002057666666666666,0.0019944598339999998,NA,NA,NA,NA
1971,0.10599999999999998,0.041,326.32,0.12,NA,NA,-4.24,6.2,NA,NA,-0.010196666666666673,0.006900000000000001,0.001415106,8.31e-5,NA,NA,0.001415106,8.31e-5,-0.001927666666666666,0.001703601108,NA,NA,NA,NA
1972,0.22699999999999998,0.041,327.45,0.12,NA,NA,-2.14,6.64,NA,NA,-0.0010966666666666729,0.006900000000000001,0.000954856,8.31e-5,NA,NA,0.000954856,8.31e-5,-0.0017676666666666665,0.0015013850419999999,NA,NA,NA,NA
1973,0.354,0.04,329.68,0.12,NA,NA,-0.91,10.68,NA,NA,-0.007096666666666675,0.0068,0.00047283599999999997,8.31e-5,NA,NA,0.00047283599999999997,8.31e-5,-0.0016476666666666662,0.0020498614960000002,NA,NA,NA,NA
1974,0.07799999999999999,0.041,330.18,0.12,NA,NA,1.16,5.84,NA,NA,0.00480333333333333,0.0068,0.000313526,8.31e-5,NA,NA,0.000313526,8.31e-5,-0.0014576666666666661,0.0022908587260000004,NA,NA,NA,NA
1975,0.143,0.041,331.11,0.12,NA,NA,3.39,8.46,NA,NA,0.003203333333333329,0.0067,0.00022749599999999994,8.31e-5,NA,NA,0.00022749599999999994,8.31e-5,-0.0007276666666666664,0.0019584487530000002,NA,NA,NA,NA
1976,0.05099999999999999,0.041,332.04,0.12,NA,NA,6.97,11.44,NA,NA,0.002203333333333328,0.0068,-0.00011041400000000003,8.31e-5,NA,NA,-0.00011041400000000003,8.31e-5,-0.0006476666666666662,0.002293628809,NA,NA,NA,NA
1977,0.33899999999999997,0.04,333.83,0.12,NA,NA,5.34,7.2,NA,NA,0.0005033333333333279,0.0066,-0.00038114400000000004,8.31e-5,NA,NA,-0.00038114400000000004,8.31e-5,-9.766666666666691e-5,0.002135734072,NA,NA,NA,NA
1978,0.22999999999999998,0.041,335.4,0.12,NA,NA,7.78,4.98,NA,NA,0.006903333333333327,0.0067,-0.000641954,8.31e-5,NA,NA,-0.000641954,8.31e-5,0.0005023333333333338,0.002127423823,NA,NA,NA,NA
1979,0.349,0.039,336.84,0.12,NA,NA,8.63,9.9,NA,NA,0.002003333333333329,0.0067,-0.000787694,8.31e-5,NA,NA,-0.000787694,8.31e-5,0.0012323333333333335,0.001717451524,NA,NA,NA,NA
1980,0.384,0.041,338.75,0.12,NA,NA,6.13,5.28,NA,NA,0.008003333333333328,0.0065,-0.000801204,8.31e-5,NA,NA,-0.000801204,8.31e-5,0.0017023333333333343,0.0021163434900000003,NA,NA,NA,NA
1981,0.432,0.041,340.11,0.12,NA,NA,2.49,6.96,NA,NA,0.02040333333333333,0.0065,-0.000536704,8.31e-5,NA,NA,-0.000536704,8.31e-5,0.0023423333333333343,0.001576177285,NA,NA,NA,NA
1982,0.303,0.041,341.45,0.12,NA,NA,3.13,3.88,NA,NA,0.014603333333333328,0.0063,-0.00033403400000000003,8.31e-5,NA,NA,-0.00033403400000000003,8.31e-5,0.002752333333333333,0.0014875346259999999,NA,NA,NA,NA
1983,0.486,0.041,343.05,0.12,NA,NA,1.82,11.12,NA,NA,0.023003333333333327,0.0065,-0.00044427400000000004,8.31e-5,NA,NA,-0.00044427400000000004,8.31e-5,0.0031023333333333345,0.00196398892,NA,NA,NA,NA
1984,0.27799999999999997,0.041,344.65,0.12,NA,NA,1.66,10.22,NA,NA,0.02210333333333333,0.0063,-0.000651294,8.31e-5,NA,NA,-0.000651294,8.31e-5,0.003472333333333335,0.0016260387810000001,NA,NA,NA,NA
1985,0.262,0.04,346.12,0.12,NA,NA,1.95,11.62,1.6,0.4,0.011803333333333329,0.0063,-0.000630224,8.31e-5,NA,NA,-0.000630224,8.31e-5,0.004162333333333335,0.001822714681,NA,NA,NA,NA
1986,0.33699999999999997,0.04,347.42,0.12,NA,NA,3.06,9.94,NA,NA,0.012403333333333329,0.0063,-0.000601744,8.31e-5,NA,NA,-0.000601744,8.31e-5,0.004182333333333334,0.0014653739610000001,NA,NA,NA,NA
1987,0.484,0.041,349.19,0.12,NA,NA,4.46,4.42,NA,NA,0.013003333333333329,0.0062,-0.0007557340000000001,8.31e-5,NA,NA,-0.0007557340000000001,8.31e-5,0.004672333333333335,0.001900277008,NA,NA,NA,NA
1988,0.49,0.041,351.57,0.12,NA,NA,4.21,7.66,NA,NA,0.017703333333333328,0.0063,-0.000532714,8.31e-5,NA,NA,-0.000532714,8.31e-5,0.004992333333333334,0.0022437673130000003,NA,NA,NA,NA
1989,0.41,0.041,353.12,0.12,NA,NA,2.92,7.74,NA,NA,0.02220333333333333,0.0064,-0.00020966400000000003,8.31e-5,NA,NA,-0.00020966400000000003,8.31e-5,0.005292333333333334,0.002595567867,NA,NA,NA,NA
1990,0.588,0.041,354.39,0.12,NA,NA,3.64,4.8,NA,NA,0.02450333333333333,0.0065,-1.4140000000000376e-6,8.31e-5,NA,NA,-1.4140000000000376e-6,8.31e-5,0.0061323333333333325,0.002146814404,NA,NA,NA,NA
1991,0.546,0.041,355.61,0.12,NA,NA,2.01,2.5,NA,NA,0.027003333333333327,0.0065,6.6959999999999915e-6,8.31e-5,NA,NA,6.6959999999999915e-6,8.31e-5,0.006582333333333333,0.001747922438,NA,NA,NA,NA
1992,0.39699999999999996,0.042,356.45,0.12,NA,NA,2.14,8.1,NA,NA,0.02770333333333333,0.0066,-0.00022126400000000001,8.31e-5,-0.0005290175131662914,0.00015666666666666701,-0.0005290175131662914,0.00015666666666666701,0.006402333333333334,0.0029806094179999996,-3.0002790197804896e-5,0.00027383965573298907,NA,NA
1993,0.43999999999999995,0.042,357.1,0.12,NA,NA,2.38,10.36,NA,NA,0.025903333333333327,0.0066,-0.000345774,8.31e-5,-0.0005162513094625876,0.00015694444444444404,-0.0005162513094625876,0.00015694444444444404,0.006792333333333333,0.002385041551,-2.0633992127904646e-5,0.0002815439062139685,NA,NA
1994,0.5,0.042,358.83,0.12,NA,NA,5.69,7.32,NA,NA,0.03110333333333333,0.0066,-0.000306654,8.31e-5,-0.000304573068721847,0.00015694444444444404,-0.000304573068721847,0.00015694444444444404,0.007582333333333334,0.0018587257619999999,0.0002779989908532666,0.0002692249326848231,NA,NA
1995,0.617,0.041,360.82,0.12,NA,NA,8.65,8.72,2.0,0.4,0.03400333333333333,0.0066,7.833599999999998e-5,8.31e-5,4.299367975353597e-5,0.0001621802409529461,4.299367975353597e-5,0.0001621802409529461,0.008232333333333335,0.001783933518,0.0005290525591467651,0.000283892142620868,NA,NA
1996,0.475,0.042,362.61,0.12,NA,NA,14.44,8.54,NA,NA,0.03810333333333333,0.0066,-0.000129984,8.31e-5,0.00011488663456765577,0.00021269680429088632,0.00011488663456765577,0.00021269680429088632,0.008802333333333336,0.001831024931,0.0006010047145643306,0.00028384581312031236,NA,NA
1997,0.6819999999999999,0.041,363.73,0.12,NA,NA,NA,NA,NA,NA,0.04510333333333333,0.0066,-0.000261084,8.31e-5,-0.0001141887403983508,0.00021449643152230408,-0.0001141887403983508,0.00021449643152230408,0.009942333333333334,0.002368421053,0.0007018211861196074,0.0002870175889598254,NA,NA
1998,0.831,0.04,366.7,0.12,NA,NA,NA,NA,NA,NA,0.03520333333333333,0.0068,-9.556400000000002e-5,8.31e-5,6.883563821126623e-5,0.00022216978548004007,6.883563821126623e-5,0.00022216978548004007,0.011192333333333335,0.002559556787,0.0007380651863423489,0.00027915165049913264,NA,NA
1999,0.598,0.041,368.38,0.12,NA,NA,NA,NA,NA,NA,0.04370333333333333,0.0068,0.00024509599999999993,8.31e-5,0.0003301455461420586,0.00022063014761595248,0.0003301455461420586,0.00022063014761595248,0.011842333333333333,0.002753462604,0.0009301129671871236,0.00027717319723153625,NA,NA
2000,0.586,0.041,369.55,0.12,NA,NA,NA,NA,NA,NA,0.045003333333333326,0.0068,0.00037166599999999993,8.31e-5,0.00039008353419425827,0.00021638211371507237,0.00039008353419425827,0.00021638211371507237,0.013192333333333337,0.002257617729,0.0010578510331649357,0.0002767941709261246,NA,NA
2001,0.733,0.041,371.14,0.12,NA,NA,NA,NA,NA,NA,0.05050333333333333,0.0067,0.0006652260000000001,8.31e-5,0.0005170855988803017,0.00021869562816338603,0.0005170855988803017,0.00021869562816338603,0.014342333333333335,0.002346260388,0.0011514775729782073,0.00026233174655051046,NA,NA
2002,0.788,0.042,373.28,0.12,NA,NA,NA,NA,NA,NA,0.05290333333333333,0.0068,0.000991156,8.31e-5,0.0007417539568922878,0.00020849192300912756,0.0007417539568922878,0.00020849192300912756,0.015422333333333333,0.002293628809,0.0011683285321146732,0.0003477219277260472,NA,NA
2003,0.7969999999999999,0.041,375.8,0.12,NA,NA,NA,NA,NA,NA,0.06210333333333333,0.006900000000000001,0.0013506360000000001,8.31e-5,0.0011356642718197917,0.00017511749595276613,0.0011356642718197917,0.00017511749595276613,0.016062333333333335,0.002551246537,0.0013319727239028023,0.0003564265147962542,NA,NA
2004,0.739,0.041,377.52,0.12,NA,NA,NA,NA,NA,NA,0.06170333333333333,0.006900000000000001,0.001903656,8.31e-5,0.0016323801653195088,0.00018333975838710605,0.0016323801653195088,0.00018333975838710605,NA,NA,0.0016253459065589091,0.00036932781067434425,NA,NA
2005,0.837,0.042,379.8,0.12,NA,NA,NA,NA,NA,NA,0.06180333333333333,0.0068,0.002434096,8.31e-5,0.0021452892172829745,0.00017955040337869107,0.0021452892172829745,0.00017955040337869107,NA,NA,0.0017883378997708042,0.0003395767592432455,NA,NA
2006,0.798,0.041,381.9,0.12,NA,NA,NA,NA,NA,NA,0.06610333333333332,0.0068,0.003223886,8.31e-5,0.002704094805146057,0.00017860509192467748,0.002704094805146057,0.00017860509192467748,NA,NA,0.0018519560572331543,0.0003259493540008017,NA,NA
2007,0.7829999999999999,0.04,383.79,0.12,NA,NA,NA,NA,NA,NA,0.06800333333333333,0.0070999999999999995,0.004124726,8.31e-5,0.003345789497304032,0.00017742327425103612,0.003345789497304032,0.00017742327425103612,NA,NA,0.002286524236041497,0.00031760284597904447,NA,NA
2008,0.687,0.04,385.6,0.12,NA,NA,NA,NA,NA,NA,0.07670333333333333,0.0068,0.005004956,8.31e-5,0.003990685876543399,0.000168458449483893,0.003990685876543399,0.000168458449483893,NA,NA,0.0028281499351152364,0.0003268155339850698,NA,NA
2009,0.798,0.041,387.43,0.12,NA,NA,NA,NA,NA,NA,0.08250333333333333,0.006900000000000001,0.005628586,8.31e-5,0.0046404588721526184,0.0001656063571932366,0.0046404588721526184,0.0001656063571932366,NA,NA,0.0030149731645842475,0.0003042094393226545,NA,NA
2010,0.8520000000000001,0.041,389.9,0.12,NA,NA,NA,NA,NA,NA,0.09020333333333333,0.0070999999999999995,NA,NA,0.005428345520425945,0.00016685251666567034,0.005428345520425945,0.00016685251666567034,NA,NA,0.0034904418256411136,0.0003716063187567147,NA,NA
2011,0.717,0.041,391.65,0.12,NA,NA,NA,NA,NA,NA,0.09180333333333332,0.0075,NA,NA,0.0063668345086713655,0.00018270652583133606,0.0063668345086713655,0.00018270652583133606,NA,NA,0.004026842365488148,0.00033334911312321206,NA,NA
2012,0.762,0.041,393.85,0.12,NA,NA,NA,NA,NA,NA,0.10060333333333332,0.0083,NA,NA,0.007304537935757053,0.00019445808089256167,0.007304537935757053,0.00019445808089256167,NA,NA,0.004509017474519122,0.00036238670639559786,0.0019722222222222224,0.0004655575444136781
2013,0.806,0.041,396.52,0.12,NA,NA,NA,NA,NA,NA,0.09220333333333333,0.0089,NA,NA,0.00806972419212154,0.00018386841828629146,0.00806972419212154,0.00018386841828629146,NA,NA,0.005132863540918195,0.000315886706772356,NA,NA
2014,0.871,0.04,398.65,0.12,NA,NA,NA,NA,NA,NA,NA,NA,NA,NA,0.008665337568460336,0.0001507945830634567,0.008665337568460336,0.0001507945830634567,NA,NA,0.005893219507813779,0.00033145263284374495,NA,NA
2015,1.055,0.04,400.83,0.12,NA,NA,NA,NA,NA,NA,NA,NA,NA,NA,0.009253523919055763,0.00016184790645948005,0.009253523919055763,0.00016184790645948005,NA,NA,0.0066659543851247,0.0003350486328993346,NA,NA
2016,1.089,0.04,404.21,0.12,NA,NA,NA,NA,NA,NA,NA,NA,NA,NA,0.009865668667809063,0.00017720227442810503,0.009865668667809063,0.00017720227442810503,NA,NA,0.007011924052229227,0.0004083270833039313,NA,NA
2017,0.9670000000000001,0.041,406.53,0.12,NA,NA,NA,NA,NA,NA,NA,NA,NA,NA,0.01032050536172221,0.000209710664049864,0.01032050536172221,0.000209710664049864,NA,NA,NA,NA,NA,NA
