year,ais,ais_lo,ais_hi,gsic,gsic_lo,gsic_hi,gis,gis_lo,gis_hi,steric,steric_lo,steric_hi,lws,lws_lo,lws_hi,dang,dang_sig,dang_lo,dang_hi
1900,-0.6340783032503996,-1.1909090540625829,-0.135909087007696,-7.27700420292941,-8.711818187887019,-5.75863636190241,-4.130332357233222,-5.1259090120142154,-3.1363637924194343,-3.6098928928375242,-4.488535174456509,-2.7237472815947097,1.5646033324978563,0.8104545333168723,2.2968181041154,-14.198217868071225,1.9013513550997623,,
1901,-0.6286254796114836,-1.1759090922095559,-0.135909087007696,-7.192015799609098,-8.621818035299128,-5.688636285608465,-4.14182832891291,-5.140909164602106,-3.1563634872436515,-3.6964476108551025,-4.497419222918423,-2.8534157081083817,1.8565911330960014,1.1054545380852439,2.58681825670329,-13.752241184900765,1.9793586629308142,,
1902,-0.6231535824862393,-1.1659090540625827,-0.135909087007696,-7.1059981909665195,-8.511818187887018,-5.628636438196356,-4.110059530084785,-5.110909240896052,-3.1413637161254884,-3.7697138309478753,-4.537406405535611,-2.9573383613066238,1.9890015640042045,1.245454547621987,2.7268182185563177,-14.911070353898126,1.9410401282707384,,
1903,-0.6177760037508879,-1.1559091112830417,-0.135909087007696,-7.048844107714567,-8.446818035299128,-5.563636285608465,-4.069244558160955,-5.065909164602107,-3.091363716125488,-3.89201683998108,-4.720405825701627,-3.0500416083769375,1.9943495788357475,1.245454547621987,2.7268182185563177,-13.898856883530264,1.9382080748203372,,
1904,-0.612356558713046,-1.1409090540625828,-0.135909087007696,-6.964708670702848,-8.3418184930628,-5.488636285608465,-3.986545354669745,-4.865909164602106,-3.1363637924194343,-4.005975580215455,-4.880475863543423,-3.1063808722929522,1.9546252288601615,1.2004545190117577,2.6868182567032894,-13.744080748090635,1.9062885306848965,,
1905,-0.6069045933810149,-1.1309091112830418,-0.135909087007696,-6.865145072070035,-8.231817882711237,-5.393636209314519,-3.965610296075995,-4.75590893572027,-3.191363716125488,-4.084479761123657,-4.823582705584438,-3.2861709876493963,2.011866287209771,1.2604545571587302,2.7568181422623717,-12.970216531161334,1.8778056024935137,,
1906,-0.6014521512118254,-1.1159090540625827,-0.14090908223932436,-6.785165366259489,-8.131817882711237,-5.313636285608465,-3.9195184534246272,-4.690909164602107,-3.146363639831543,-4.1820330142974855,-5.087132128802213,-3.2905945105986163,1.8110274352810602,1.0604545571587303,2.551818218556318,-14.432600292481698,1.867389295775021,,
1907,-0.5960208806124601,-1.1059091112830417,-0.14090908223932436,-6.7199607458981605,-8.05181834047491,-5.273636514490302,-3.8829637354070488,-4.665909164602106,-3.121363639831543,-4.245766305923461,-5.053520831194791,-3.449860410256819,1.7740370788357473,1.0254545190117574,2.5018182185563176,-13.798995908912747,1.8502969750179694,,
1908,-0.5906124981966887,-1.0909090540625828,-0.14090908223932436,-6.640979727831754,-7.956817882711237,-5.213636285608465,-3.8119527643377134,-4.590909164602106,-3.0513635635375977,-4.304152536392211,-5.185761126604947,-3.4153179450468576,1.8447394408962943,1.1004545190117576,2.581818142262372,-15.283324541043815,1.894808327135328,,
1909,-0.5851665410128508,-1.0809091112830418,-0.14590910131281076,-6.5662955847653475,-7.856817882711237,-5.148636514490302,-3.7546384638006036,-4.415909164602106,-3.1113637924194344,-4.4123697757720945,-5.262451037493618,-3.5983433051542804,1.9302844085476614,1.1854545571587303,2.6668181804093445,-14.744668796048046,1.8993319041471761,,
1910,-0.5797470959750088,-1.0709090731360698,-0.14590910131281076,-6.496743735400114,-7.786818187887018,-5.088636285608465,-3.709659749811346,-4.190909164602107,-3.2263635635375976,-4.497396707534791,-5.283419665423306,-3.6623451514677567,1.9672564544460993,1.2154545285485008,2.7218181041153997,-14.584220989879785,1.8801072713916969,,
1911,-0.5743019017306241,-1.0609091303565288,-0.14590910131281076,-6.407831534472379,-7.6768183404749095,-5.013636285608465,-3.7024556940252134,-4.175909012014215,-3.2263635635375976,-4.502541589736938,-5.3411139098080715,-3.662645368142562,2.0035834350369193,1.2554545380852438,2.7418181804093447,-13.043930420599185,1.8370140435839637,,
1912,-0.5688701542941008,-1.0509090922095559,-0.15090909654443913,-6.332779654589567,-7.586818187887019,-4.9486365144903015,-3.6499250238591983,-4.120909088308161,-3.171363639831543,-4.496937417984009,-5.297583636370572,-3.668254499001937,1.9851510085842823,1.245454547621987,2.7018182185563178,-12.278627734047507,1.7885820107069268,,
1913,-0.563472453030673,-1.0359091303565289,-0.15090909654443913,-6.264344748583707,-7.501818340474909,-4.88363636190241,-3.6160070245916187,-4.075909012014216,-3.1363637924194343,-4.43869423866272,-5.208056506243619,-3.6457573218779133,1.8794368781826714,1.1304545380852438,2.5918181804093448,-11.516863662958656,1.8020665924354191,,
1914,-0.5580358418551359,-1.0209090731360697,-0.15090909654443913,-6.151126059618863,-7.371818035299128,-4.793636209314519,-3.6001985376531427,-4.05590893572027,-3.1413637161254884,-4.3344473361969,-5.225079211321744,-3.4610725684599437,2.022380165078423,1.2654545285485006,2.7618182567032896,-11.317767953942738,1.7670565858230216,,
1915,-0.5526043805209073,-1.0109091303565287,-0.15090909654443913,-5.996160849657926,-7.206817882711237,-4.673636514490302,-3.567949086969549,-4.015909164602106,-3.121363639831543,-4.308618783950806,-5.1373373595151035,-3.452298764749007,2.111382202126763,1.3654545762322166,2.83681825670329,-10.966806909463546,1.7578373778798455,,
1916,-0.5471856984225187,-0.9959090731360698,-0.15090909654443913,-5.89606166752902,-7.076818340474909,-4.568636209314519,-3.5504369562322453,-4.0009090120142154,-3.1063634872436516,-4.27322907447815,-5.095237597552212,-3.4506382270292804,1.8790759124539114,1.120454547621987,2.5968181041153997,-13.597869378010007,1.7349715112671578,,
1917,-0.5418106946078214,-0.9859091303565288,-0.15090909654443913,-5.776659354296598,-6.926818340474909,-4.4586363619024105,-3.4816617792302904,-3.9209090883081608,-3.0413637161254883,-4.251692819595336,-5.084869250384243,-3.3894676490263516,1.5978003539822314,0.8554545380852439,2.3268182185563178,-12.611988349679645,1.7275176453821246,,
1918,-0.5363208684054288,-0.9759090922095557,-0.15590909177606754,-5.671779212084684,-6.781817882711237,-4.378636438196356,-3.470746785944159,-3.9059089357202694,-3.0413637161254883,-4.2542582035064695,-5.096025714007291,-3.404468564553693,1.8240431823513723,1.0754545190117577,2.551818218556318,-12.208527517008307,1.6961980693418357,,
1919,-0.5308707150545988,-0.9659090540625828,-0.15590909177606754,-5.585030707446012,-6.681817882711237,-4.303636438196356,-3.454160482233221,-3.88090893572027,-3.0313634872436515,-4.2755896091461185,-5.1055388060483065,-3.4511329932646317,2.0032219924710013,1.2554545380852438,2.7268182185563177,-11.564427391598436,1.7098070956402853,,
1920,-0.5255169781771574,-0.9509090922095558,-0.15590909177606754,-5.532799491015348,-6.6168184930628,-4.253636438196356,-3.4362096613103685,-3.860909240896052,-3.021363639831543,-4.26266884803772,-5.0812162962826815,-3.483283643289046,1.9461527862332084,1.2104545571587302,2.6568181422623716,-10.701706010615759,1.6511243623876197,,
1921,-0.5200888547030362,-0.9409090540625829,-0.15590909177606754,-5.471430548754606,-6.556817882711237,-4.213636285608465,-3.420304281061346,-3.8459090883081606,-3.0013635635375975,-4.285170221328736,-4.92666650685397,-3.5670395179228347,1.9045910873196343,1.1504545190117574,2.6318181422623717,-10.734537322586597,1.6259764380988178,,
1922,-0.5146193417635831,-0.9309091112830417,-0.15590909177606754,-5.397064169970426,-6.4768183404749085,-4.143636209314519,-3.4399301355535346,-3.850909012014216,-3.0263635635375974,-4.291196298599244,-4.963939150896938,-3.613166455789046,1.8647858657620173,1.1304545380852438,2.5968181041153997,-10.889055580499917,1.6606026170427017,,
1923,-0.5092426213351164,-0.9159090540625827,-0.15090909654443913,-5.277970084277067,-6.341818493062799,-4.043636209314519,-3.4075719659978687,-3.820909088308161,-3.0013635635375975,-4.334321069717407,-4.981467684832486,-3.6708923621611165,1.6636911430142145,0.9204545476219871,2.3718181041153996,-12.369379719999987,1.7128106274022006,,
1924,-0.5037558468905363,-0.9009090922095557,-0.15090909654443913,-5.183896597948942,-6.231817882711237,-3.963636285608465,-3.348880941217596,-3.745909088308161,-2.9513635635375977,-4.327344751358032,-5.018062075701627,-3.5847809119658036,1.7641135253689504,1.0404545285485007,2.4768182185563177,-11.843624490956326,1.5634046407890794,,
1925,-0.4983725461092862,-0.8909090540625828,-0.15090909654443913,-5.090534934130583,-6.1168184930628,-3.878636438196356,-3.3296964471990402,-3.7209090883081606,-2.9313634872436514,-4.261248254776,-4.963791903582486,-3.5287327094511554,1.7734913863918995,1.0254545190117574,2.4768182185563177,-12.308590158398246,1.606903303068736,,
1926,-0.49286192980679605,-0.8809091112830418,-0.15090909654443913,-4.98425517949191,-5.986818187887018,-3.788636285608465,-3.227677327936346,-3.610909240896052,-2.836363792419434,-4.176789331436157,-4.867051562395963,-3.4693149848417804,1.6941058196804744,0.9504545190117576,2.4018182185563175,-12.375294004599997,1.508864336079098,,
1927,-0.4874995144930753,-0.8659090540625827,-0.15590909177606754,-4.8710231390866365,-5.8518183404749085,-3.68363636190241,-3.1523057764226743,-3.5359092408960526,-2.7613637924194343,-4.124979639053345,-4.806061419573697,-3.408334760232405,1.5948192634365774,0.8654545285485007,2.2918181804093445,-11.688079061427516,1.478480361867988,,
1928,-0.48211411562832923,-0.8559091112830417,-0.15590909177606754,-4.768762549487027,-5.716818493062799,-3.588636285608465,-3.0399404352361508,-3.4159091646021063,-2.661363792419434,-4.053016519546508,-4.735761126604947,-3.352803449197249,1.7573971786282283,1.030454538085244,2.4668181804093448,-11.935822354782758,1.5202964161415013,,
1929,-0.47669376459988694,-0.8459090731360699,-0.15590909177606754,-4.671262320605192,-5.586818187887018,-3.488636285608465,-2.9371179407293146,-3.3009090120142153,-2.5713636398315427,-4.0196997165679935,-4.652452715960416,-3.3074791236357264,1.8360560455105523,1.1154545285485007,2.5268182185563175,-12.005013214767548,1.461346910347882,,
1930,-0.4712276372042569,-0.8309091112830418,-0.15590909177606754,-4.575126990404996,-5.476818340474909,-3.4036364381963558,-2.8757768457586117,-3.2409091646021064,-2.51136360168457,-3.9823153018951416,-4.6152437773617825,-3.2784263892607264,1.9517560043118214,1.245454547621987,2.6468181041153995,-11.515169963785276,1.4552699140336203,,
1931,-0.4658552559939298,-0.8209090731360698,-0.15590909177606754,-4.443500861254606,-5.32681834047491,-3.2836363619024103,-2.6913759058172047,-3.0509090120142157,-2.331363677978516,-3.9497736454010006,-4.6000967589291655,-3.307748822732405,1.9495387115261775,1.23545455715873,2.6618182567032895,-11.483082223322828,1.478160495974164,,
1932,-0.4603271397677335,-0.8059091112830417,-0.15590909177606754,-4.350369605151089,-5.211818187887018,-3.223636514490302,-2.5936906641179864,-2.9509090120142156,-2.23636360168457,-3.9116777896881105,-4.558589800921353,-3.2382633490995927,1.9339200057766655,1.220454547621987,2.6518182185563175,-10.051369010422885,1.4465842727118026,,
1933,-0.4549425515261564,-0.7959090731360698,-0.15590909177606754,-4.259532507983121,-5.106818264180964,-3.143636209314519,-2.484005719965155,-2.8309089357202697,-2.131363677978516,-3.867179727554321,-4.539269122210416,-3.190562848611312,1.9306785621426323,1.220454547621987,2.6268182185563176,-10.665086116665005,1.466668749075812,,
1934,-0.449480524930087,-0.7859091303565289,-0.16090908700769596,-4.18574787053195,-5.016818111593073,-3.0836363619024105,-2.3884008234197447,-2.7309089357202696,-2.041363716125488,-3.853262567520142,-4.563311251727018,-3.085680036111312,1.8635971107266165,1.155454538085244,2.5618182567032894,-11.985083748733437,1.4124927899299904,,
1935,-0.4440792950716886,-0.7709090731360697,-0.16090908700769596,-4.097811469164762,-4.916818111593073,-2.9986365144903018,-2.276845914667303,-2.6159091646021064,-1.9263635635375977,-3.7873159885406498,-4.439176043597135,-3.1616272254423663,1.7672590293667534,1.0404545285485007,2.456818142262372,-10.749636153060496,1.417594835764705,,
1936,-0.43867577639493077,-0.7609091303565287,-0.16090908700769596,-3.990919837084684,-4.786818187887018,-2.8986365144903017,-2.151611310785467,-2.4859092408960524,-1.7963636398315428,-3.683291864395142,-4.3477053252133455,-2.9797191901640456,1.9551552810452204,1.245454547621987,2.6518182185563175,-11.331579615712926,1.3919656776112705,,
1937,-0.43329123583706947,-0.7459090731360698,-0.15590909177606754,-3.8969142523678872,-4.671818035299127,-2.8036364381963557,-2.0860078638250177,-2.4059091264551338,-1.746363639831543,-3.566823816299438,-4.188163622942837,-2.9194580359892415,1.9620314636013725,1.270454547621987,2.6368182567032896,-10.408622341639276,1.3597801110932033,,
1938,-0.4277643593874845,-0.7359091303565288,-0.15590909177606754,-3.7989928809079254,-4.566818111593073,-2.718636209314519,-2.044928914850409,-2.370909088308161,-1.7113636016845697,-3.444520044326782,-4.155308016863736,-2.733458356423812,1.8964155235073783,1.195454547621987,2.5618182567032894,-9.458879569494297,1.3401860001403003,,
1939,-0.4223870190707119,-0.7209090731360699,-0.15590909177606754,-3.720932349291714,-4.481818264180964,-2.6486363237554373,-1.9972474878484552,-2.320909088308161,-1.6713636398315428,-3.301994562149048,-3.991813525286587,-2.599630384011702,1.8687376060269094,1.1704545476219872,2.5418181804093445,-9.040954238843426,1.301780394791194,,
1940,-0.4169570836153898,-0.7109091303565287,-0.15590909177606754,-3.6258666602048004,-4.3718180352991265,-2.55863636190241,-1.9552793329412288,-2.2809091264551338,-1.631363677978516,-3.169507455825806,-3.817486437884244,-2.4986515326933425,1.9221768417141654,1.2254545190117576,2.6168181804093447,-10.107915886818585,1.2880203445886902,,
1941,-0.41157092181119054,-0.6959090731360698,-0.16090908700769596,-3.522109946337613,-4.25181834047491,-2.4636362856084655,-1.893123418634588,-2.210909050161188,-1.576363563537598,-3.092987680435181,-3.7690699187192047,-2.408424787087874,1.9212183990261773,1.23545455715873,2.5968181041153997,-8.573523044806226,1.2755043782725997,,
1942,-0.40614322749051196,-0.6859091303565288,-0.16090908700769596,-3.4279491034421055,-4.136818187887018,-2.3636362856084654,-1.8451209848577332,-2.160909050161188,-1.5413637161254878,-2.967337656021119,-3.6121485320004547,-2.277423123879866,1.8205607452175834,1.1254545190117575,2.4968181041153996,-8.558236350339786,1.227457769956121,,
1943,-0.40063289729031654,-0.6759090922095559,-0.15590909177606754,-3.319212683764371,-4.011818187887018,-2.2586363619024103,-1.775259572809393,-2.085909050161188,-1.476363563537598,-2.8022913455963137,-3.4544539061459627,-2.118810109658675,1.7434332885525443,1.0504545190117576,2.4218181041154,-7.905895246343566,1.229073970203479,,
1944,-0.3952644738284025,-0.6609091303565289,-0.15590909177606754,-3.203119620409878,-3.871818035299127,-2.1536364381963553,-1.7251830881292172,-2.025909012014216,-1.4313636779785157,-2.6818834781646728,-3.3105162230404934,-2.020424680276351,1.8817536391995173,1.195454547621987,2.566818180409345,-8.759281718198487,1.1888105737256778,,
1945,-0.3898103627291593,-0.6509090922095557,-0.15590909177606754,-3.10310283574191,-3.7568182641809638,-2.078636438196355,-1.720994169061834,-2.020909088308161,-1.4313636779785157,-2.6717501163482664,-3.2893065062436184,-2.0411514563993975,1.7591020622036675,1.070454547621987,2.426818218556318,-8.789272925871458,1.1931868014323603,,
1946,-0.3843481930819425,-0.6409090540625828,-0.15590909177606754,-3.0097617712887854,-3.6468180352991273,-1.9836363619024104,-1.70151384527033,-1.990909164602106,-1.4113636016845699,-2.6829302310943604,-3.3654352751645176,-1.9928621573881673,1.7744174995205624,1.0904545285485008,2.426818218556318,-7.319124425810338,1.1691283883420824,,
1947,-0.3789894970980558,-0.6309091112830418,-0.15590909177606754,-2.905828818407925,-3.531818264180964,-1.8886362856084653,-1.649337751215155,-1.9459090883081611,-1.3613636016845698,-2.7342485904693605,-3.3953871336850243,-2.0600128455595543,1.7023434676907283,1.020454547621987,2.3718181041153996,-8.126264350354845,1.1313625805147205,,
1948,-0.37351922121914943,-0.6159090540625827,-0.15590909177606754,-2.814448508349333,-3.4318182641809636,-1.8036364381963552,-1.5536521738225768,-1.835909050161188,-1.2763635635375978,-2.8385199069976803,-3.507165774432095,-2.154987744851546,1.6731734313748103,1.0004545190117575,2.3118182567032894,-7.332821028831916,1.143843711457236,,
1949,-0.36812314120205974,-0.6059091112830417,-0.15590909177606754,-2.7524962988766752,-3.3468180352991275,-1.7436364000493834,-1.4421209161931818,-1.720909088308161,-1.1713636398315428,-2.8981478214263916,-3.5108252135190092,-2.2393356605009602,1.6944575347683644,1.0254545190117574,2.331818142262372,-6.104148728330061,1.1106127501170722,,
1950,-0.36264223185452554,-0.5959090731360699,-0.15590909177606754,-2.6413558569821447,-3.236818187887019,-1.6436364000493833,-1.3604312723333192,-1.635909050161188,-1.08636360168457,-2.815257120132446,-3.4794279662045566,-2.142785863442855,1.5629315414211964,0.8904545285485007,2.191818180409345,-6.490746621142681,1.1134736830864598,,
1951,-0.3572604569521817,-0.5809091112830418,-0.15590909177606754,-2.5635623541745276,-3.156818264180964,-1.5636362856084656,-1.291308576410467,-1.5609090501611877,-1.0313636779785158,-2.7181330204010004,-3.3798513976010405,-2.0267261786894366,1.7742937125942924,1.1054545380852439,2.4068181422623716,-5.433687535374539,1.138377815270144,,
1952,-0.3518108281222257,-0.5709090731360694,-0.15590909177606754,-2.4708892432126133,-3.05181834047491,-1.4536364381963554,-1.244715864008123,-1.5059091264551339,-0.9863636016845698,-2.6388128757476808,-3.296341952410611,-1.9715814872221513,1.8001307525418024,1.1654545285485007,2.4318181422623715,-5.429882731854707,1.1063016988872734,,
1953,-0.34638618555935946,-0.5609091303565285,-0.15590909177606754,-2.3708160010251134,-2.931818264180964,-1.3636362856084654,-1.1987132852727718,-1.460909050161188,-0.9463636398315429,-2.6377714633941642,-3.3144926634701823,-1.9085283561186361,1.7001955070278862,1.0754545190117577,2.331818142262372,-4.849188605467255,1.1009998763223257,,
1954,-0.34098810282620523,-0.5459090731360694,-0.15590909177606754,-2.2891849127682775,-2.8468180352991275,-1.2836363619024103,-1.16956976110285,-1.4209090883081608,-0.916363620758057,-2.6217352390289306,-3.304916247454557,-1.940267209573226,1.7123559036038134,1.0604545571587303,2.3418181804093448,-5.865882631110119,1.034567088693421,,
1955,-0.33553046313199136,-0.5359091303565284,-0.15590909177606754,-2.2426900473507967,-2.796818035299127,-1.2586363619024103,-1.146664029901678,-1.390909164602106,-0.9013636589050289,-2.6249311923980714,-3.2358595457943995,-1.9864240928129722,1.5093209304592825,0.8804545380852439,2.1068181422623717,-5.534710569325889,1.060380531768169,,
1956,-0.33016361323269944,-0.5259090922095557,-0.15090909654443913,-2.152102049914274,-2.696818035299127,-1.1536364381963553,-1.1088739221746269,-1.350909012014216,-0.871363639831543,-2.6001024723052977,-3.229994448748502,-1.9333393378691242,1.2446906127712942,0.6204545357010581,1.8268182185563178,-6.876097271304517,0.9897169357823271,,
1957,-0.3247422131625089,-0.5159090540625831,-0.15590909177606754,-2.053627547350797,-2.57681834047491,-1.0936364000493835,-1.036597234552557,-1.2709090883081609,-0.8063636779785159,-2.548732614517211,-2.7766943541440092,-2.250119809670882,1.2703041114590385,0.6554545380852439,1.8568181422623717,-5.26638116035934,1.0457082154327226,,
1958,-0.3192844781008634,-0.5059091112830421,-0.15090909654443913,-1.9792344656857574,-2.47681834047491,-1.0486363237554372,-0.9685359781438658,-1.205909126455134,-0.7363636016845698,-2.0671160221099854,-2.2289904204281887,-2.022560147805647,1.4463461913845754,0.8504545428536154,2.0318181422623716,-5.444852192363919,0.876992145142181,,
1959,-0.31389617052945223,-0.49590907313606947,-0.15090909654443913,-1.9245202628048985,-2.4118181878870186,-1.0286363428289245,-0.94980486089533,-1.1759090120142162,-0.7263636589050289,-2.270864725112914,-2.5336409178647123,-2.0682331366972493,1.3861695327542043,0.8054545380852439,1.9468181041153998,-5.145200276751647,0.8622344803769255,,
1960,-0.3084096821871671,-0.48090911128304215,-0.15090909654443913,-1.8498691168698396,-2.3318182641809635,-0.9736363237554373,-0.881216985529119,-1.105909126455134,-0.6613636016845699,-1.997335672378541,-2.2034052458676427,-1.8698820395903153,1.324306014992974,0.7654545285485007,1.8718181041153996,-4.5589059522749595,0.8381909459665833,,
1961,-0.30309595194729894,-0.47090907313606944,-0.15090909654443913,-1.7750989523800937,-2.2468182260339917,-0.9336363619024104,-0.8129214113408869,-1.0309091264551342,-0.606363677978516,-1.8097164630889897,-2.007074603167447,-1.6138897223906084,1.2891678848049857,0.7404545285485007,1.8218181041153998,-4.593547354659224,0.8090788977612551,,
1962,-0.29754404154690833,-0.4559091112830421,-0.15090909654443913,-1.6921268072995277,-2.1568182641809637,-0.8536363428289244,-0.7267779176885429,-0.945909088308161,-0.5213636398315429,-1.6807960987091066,-1.8870802489193996,-1.559993581338362,1.21245565793731,0.6804545380852439,1.7368182567032897,-4.7832616179935,0.7705047075286721,,
1963,-0.29218482104214755,-0.4459090731360694,-0.15090909654443913,-1.6561305609616364,-2.1068182641809634,-0.8636363809758962,-0.7027726953679869,-0.9059091264551341,-0.5013636589050288,-1.8142593860626226,-2.048039492693814,-1.644145421548323,1.2127272643826223,0.6704545357010581,1.7368182567032897,-4.741207803944308,0.8046800748241871,,
1964,-0.28678678599270907,-0.43590913035652845,-0.15090909654443913,-1.6563836661252114,-2.126818149740046,-0.9236363237554372,-0.6994616335088559,-0.9009090120142161,-0.5013636589050288,-2.048475503921509,-2.1148668852719386,-1.8270038886503743,1.1920999564907768,0.6854545333168722,1.6918181804093446,-5.147275527638862,0.8105096511874841,,
1965,-0.281308260830966,-0.42590909220955575,-0.14590910131281076,-1.6436187354001133,-2.1218182260339917,-0.9336363619024104,-0.656011277979071,-0.8559091264551341,-0.4613636016845699,-2.089956521987914,-2.108756503191861,-2.001657132668929,1.084722904183648,0.625454536893151,1.5418181804093447,-4.5376163909647005,0.792268330551748,,
1966,-0.27591704455288973,-0.41090913035652843,-0.14590910131281076,-1.6075242606076325,-2.0618181878870185,-0.9186364000493834,-0.5829888170415709,-0.7909090692346751,-0.39136362075805653,-2.034507989883423,-1.9696604338559236,-2.105542211099105,1.0077950992367484,0.5604545392773368,1.4468181994828306,-5.147061003775025,0.778539105907481,,
1967,-0.2704956444826994,-0.40090909220955573,-0.14590910131281076,-1.5743239966305826,-2.0368181878870186,-0.9186364000493834,-0.5461797540838069,-0.7509091073816471,-0.35636367797851554,-2.1567160129547114,-2.183862551775846,-2.092444448037581,0.9117425956509331,0.475454536893151,1.3268182185563178,-5.168768370944515,0.7576747111891023,,
1968,-0.2649793061343107,-0.39090905406258314,-0.14090908223932436,-1.5531613913449376,-2.0068182641809638,-0.8886363809758964,-0.4902192896062678,-0.6859090501611881,-0.3063636779785155,-2.3616812229156494,-2.4929777708920575,-2.3941875739531078,0.731750444390557,0.3304545380852439,1.1318181422623717,-5.371642008513516,0.7394144806846384,,
1969,-0.2596308144656095,-0.38090911128304206,-0.14090908223932436,-1.5060065833005045,-1.9468182260339915,-0.8536363428289244,-0.4493830507451839,-0.645909088308161,-0.26636362075805653,-2.2940184116363525,-2.4115595427426433,-2.268512372537093,0.790403894402764,0.4154545404694297,1.1568181422623716,-5.340070319460355,0.7437744390747565,,
1970,-0.25425337878140536,-0.37090907313606947,-0.14090908223932436,-1.4767449942502116,-1.9018181497400457,-0.8486363237554373,-0.43406332189386587,-0.6259091073816471,-0.2613636016845702,-2.2299360752105715,-2.3305739012631497,-2.117861012978987,0.6782726325772026,0.32545454285361547,1.0268182185563173,-5.362510923261866,0.7504352922493045,,
1971,-0.2487426194277677,-0.35590911128304215,-0.14090908223932436,-1.4299668875607576,-1.8468182260339918,-0.8136363809758964,-0.3854952638799498,-0.570909088308161,-0.22136363983154284,-2.01857705116272,-2.05002084645358,-1.961701612039046,0.5377018489620903,0.18545453331687234,0.8618181613358584,-4.148213316415467,0.7503983075854023,,
1972,-0.24328188029202552,-0.3509090922095558,-0.135909087007696,-1.4258151617917147,-1.8068182641809636,-0.8286363428289243,-0.41572569066828,-0.6009091073816469,-0.2513636589050292,-1.9049362659454347,-1.8983992186459628,-1.821239499612288,0.5533512868664482,0.2304545380852439,0.8518181708726016,-4.720875082199328,0.7457837225778153,,
1973,-0.23790487376126385,-0.34090910174629896,-0.135909087007696,-1.3984220114621255,-1.7818182641809637,-0.8286363428289243,-0.4206208055669609,-0.585909050161188,-0.26636362075805653,-1.8290678501129145,-1.9285627928647127,-1.716574697061019,0.397811190106652,0.09045452854850072,0.6818181899460879,-5.196610427802097,0.7681112901140714,,
1974,-0.2324612530795011,-0.3309091112830421,-0.13090909177606758,-1.3576064673337074,-1.7368181878870188,-0.8136363809758964,-0.39651621038263496,-0.5509091073816471,-0.2413636207580565,-1.7317896366119383,-1.8476355162533846,-1.584427670999007,-0.13052301027558072,-0.40954542376778347,0.1318181810053912,-4.549964100429307,0.7611316750547401,,
1975,-0.2270876320925626,-0.31590910174629894,-0.13090909177606758,-1.3260503378781405,-1.6968182260339915,-0.8086363619024104,-0.39089840108698093,-0.5509091073816471,-0.2413636207580565,-1.4828915119171144,-1.4927517500790677,-1.3761524482206868,0.07113051793792025,-0.21454544284126975,0.32181817564097315,-3.6841547154152776,0.7190917266092137,,
1976,-0.22159060564908123,-0.3109090826728126,-0.13090909177606758,-1.3133924094113434,-1.6768181497400456,-0.8086363619024104,-0.4085678880864929,-0.565909069234675,-0.2613636016845702,-1.5214472293853758,-1.6507288542660798,-1.206962232156233,0.11227188489653844,-0.15454545237801298,0.34181818040934475,-4.681656538177072,0.6826416656947855,,
1977,-0.21624631014737222,-0.30090909220955575,-0.13090909177606758,-1.2574727621945465,-1.6068182641809634,-0.7636363809758964,-0.40815065557306496,-0.555909126455134,-0.27636365890502923,-1.4027002811431886,-1.535372027483853,-1.163559941811995,0.19925381324507974,-0.04454546191475606,0.42681817087260154,-4.218181979996186,0.6995566546080291,,
1978,-0.2107981118288908,-0.2909091017462989,-0.12590909654443916,-1.1968986121090972,-1.5318182641809637,-0.7286363428289244,-0.40049865896051595,-0.5409090692346751,-0.26636362075805653,-1.3702120304107668,-1.6756313887509429,-1.0505323691801591,-0.102972980520942,-0.3295455000617288,0.1018181798132983,-4.685784089362705,0.671376416350757,,
1979,-0.20536288348111248,-0.2809091112830421,-0.12590909654443916,-1.1345557776364417,-1.4318182641809636,-0.6586363619024103,-0.389603788202459,-0.520909088308161,-0.2613636016845702,-1.4052307605743404,-1.734473094073209,-0.9123125358061361,-0.15958666422150353,-0.3795455000617287,0.021818181601437642,-3.6974944138835655,0.6979137540149595,,
1980,-0.19993166056546302,-0.27590909220955573,-0.1209091013128108,-1.0903853979977698,-1.3918181115930737,-0.6436364000493833,-0.3607046907598319,-0.4859090501611881,-0.23636360168457027,-1.0921608448028564,-1.1829983321103177,-0.945947293801741,0.04090054414489053,-0.16454544284126982,0.21181817921725185,-3.9276538985542118,0.6843215510457084,,
1981,-0.19452041712674234,-0.2709090731360695,-0.1209091013128108,-1.0451837149533363,-1.3618181878870188,-0.6236363237554374,-0.3079829996282405,-0.430909126455134,-0.1863636493682861,-1.1296556949615475,-1.2320248213681306,-1.053640775247054,-0.04457878687165007,-0.22954545237801294,0.10681818026033313,-2.2095708662028803,0.671850124067882,,
1982,-0.1890497597781095,-0.26090908267281265,-0.11590908223932433,-1.0073812094601715,-1.3118181878870185,-0.5936364000493835,-0.2692658250982112,-0.38590905016118804,-0.14636363983154288,-1.2615566730499266,-1.3832502928647126,-1.068843488259749,-0.08207749941132286,-0.2595454714514993,0.06181817921725185,-3.034656955629597,0.6608978712973292,,
1983,-0.1837081822482023,-0.2509090922095558,-0.11590908223932433,-0.9826043692502114,-1.2918181115930736,-0.5986363237554373,-0.2925846880132503,-0.4159090692346751,-0.1713636398315429,-1.4041773319244384,-1.627029856768521,-1.071774510903792,0.004897836663506239,-0.15954547145149922,0.14181818040934474,-2.6952381332198456,0.6659362463091527,,
1984,-0.17819761362942788,-0.24590907313606947,-0.11090908700769597,-0.9233422842892735,-1.2168181115930738,-0.5686364000493833,-0.30610683614557455,-0.4209090883081611,-0.19636363983154292,-1.3752907276153565,-1.7809807387265286,-1.066921262307601,-0.092388435385444,-0.24954548098824247,0.03181817802515896,-2.7272790545117447,0.6539063692545259,,
1985,-0.1728599938479337,-0.24090910174629898,-0.11090908700769597,-0.8694018927487465,-1.1518181497400457,-0.5136363809758964,-0.2849181955510921,-0.38590905016118804,-0.17636365890502925,-1.2075136661529546,-1.448527773943814,-0.9998466773466632,-0.17238020517609337,-0.30454550006172876,-0.06818182197484104,-3.2898149564817416,0.6124173541945432,,
1986,-0.16734274950894445,-0.23590908267281263,-0.10590909177606755,-0.8345355597409335,-1.1118181878870184,-0.48363636190241027,-0.2674289529973811,-0.3609090501611881,-0.16636362075805655,-1.0398712635040286,-1.05489202412692,-0.9270632071928551,-0.20295009233734823,-0.31454544284126973,-0.10818181959065526,-2.5597005227912426,0.6036976121529833,,
1987,-0.16192802515896887,-0.23090911128304215,-0.10090909654443914,-0.8025719252499665,-1.0668181115930735,-0.4786363428289239,-0.2675323312932796,-0.35590912645513406,-0.16636362075805655,-1.0571058750152584,-1.1261431303891267,-0.8811249061064292,0.09238200566985383,-0.00954547145149931,0.17681818279353054,-2.81647471615318,0.6195765984291028,,
1988,-0.15648268786343666,-0.22090907313606944,-0.09590910131281077,-0.7562198248776525,-1.0168181115930737,-0.45863636190241025,-0.24032619649713705,-0.325909107381647,-0.14636363983154288,-0.9519709110260006,-1.1118237105282869,-0.8395891471342611,0.036418012597344174,-0.07454548098824243,0.11681818040934475,-3.0787532276555245,0.6386389284500681,,
1989,-0.15115498629483315,-0.2109090826728126,-0.09090908223932437,-0.7032585707577795,-0.9518181497400454,-0.42363632375543764,-0.2040105646306819,-0.28590905016118795,-0.11136364936828602,-0.9955696582794187,-1.204935320940885,-0.809251431985335,-0.16045150377533657,-0.24454546191475612,-0.08818181482228368,-2.3659954497370173,0.5759319033618795,,
1990,-0.14561819163235762,-0.20590911128304212,-0.085909087007696,-0.6167625037106604,-0.8468182260339915,-0.3836363619024103,-0.18309095556085775,-0.26590906923467517,-0.10136365890502919,-0.9834099292755125,-1.230180224505338,-0.803867368264632,-0.14841961481354454,-0.22954545237801294,-0.09318181005391205,-2.0397483331288306,0.6213946259223709,,
1991,-0.14028843966397375,-0.20090909220955577,-0.08090909177606759,-0.5496396628293124,-0.7718182260339915,-0.3486363237554377,-0.16452606374567214,-0.2409090692346747,-0.086363649368286,-0.7139692783355716,-0.7626877394589509,-0.6910055442289871,-0.07829737283966753,-0.15454545237801298,-0.028181824359026858,-2.7960979502417294,0.8441135747045795,,
1992,-0.15604604807767014,-0.22090907313606944,-0.09090908223932437,-0.5325298872860994,-0.7318181688135325,-0.328636342828924,-0.188701326196844,-0.25090910738164707,-0.1313636302947997,-0.7196871280670165,-0.8955408659848298,-0.52087338404222,0.09364378831603304,0.025454519011757548,0.12681818055835636,-2.860248378703343,0.6515074310807087,,
1993,-0.1528996380892667,-0.2259090922095558,-0.06590908223932435,-0.45768133076754547,-0.6468182260339915,-0.25363634282892394,-0.1796168153936214,-0.23090912645513373,-0.1263636589050292,-0.7577068805694576,-0.8886198607358067,-0.48083851770921204,-0.16415581323883754,-0.22954545237801294,-0.11318181482228368,-2.7631012243920487,0.6108517143807441,,
1994,-0.11916503039273352,-0.17590909220955575,-0.045909101312810785,-0.38806482228365835,-0.5618181878870184,-0.203636342828924,-0.15549810582941237,-0.20090910738164736,-0.10636363029479967,-0.6639641284942628,-0.6909357634457678,-0.5511780066923662,-0.1742198906161569,-0.22454548098824245,-0.14318181005391203,-2.479301133767911,0.8007972366875256,,
1995,-0.09468263712796304,-0.1459090731360695,-0.03590908700769599,-0.3054947462948887,-0.4518181497400454,-0.15863636190241032,-0.1020575826818294,-0.14590908830816107,-0.06136364936828609,-0.7604019641876225,-0.8373173323544589,-0.565708856149153,-0.04992975809357386,-0.08954544284126975,-0.018181821974841056,-1.389075711313935,0.928716513412686,,
1996,-0.0823554429140958,-0.12590909220955582,-0.03590908700769599,-0.27952066334811143,-0.39681822603399153,-0.14363635236566713,-0.13944633657282057,-0.18090912645513368,-0.10636363029479967,-0.4555838108062744,-0.4110445586117828,-0.4624545379118492,-0.061275359175421984,-0.10454545237801294,-0.028181824359026858,-1.8475789875262159,0.5356810899163983,,
1997,-0.06694213477048011,-0.09590907313606944,-0.03090909177606757,-0.21014877232638285,-0.2818181688135325,-0.0886363809758966,-0.1368076151067561,-0.1709090883081611,-0.10636363029479967,-0.42439217567443843,-0.49506154927340384,-0.40329287485642906,-0.13992886163971646,-0.19454546191475608,-0.10318182435902684,-0.4926071275084549,0.6725649400664524,,
1998,-0.04962514964017012,-0.07590909220955577,-0.015909082239324357,-0.11813374432650492,-0.18181816881353263,-0.03363636190241032,-0.09964726621454423,-0.1159090692346747,-0.08136363029479976,-0.4012865543365476,-0.4916359511288728,-0.3167037291960282,-0.03388700105927206,-0.06454544284126973,-0.008181819590655254,-0.4479664077419372,0.602958302576188,,
1999,-0.020642057332125596,-0.03090911128304208,-0.0059090917760675765,-0.05839463147250101,-0.0918182069605048,-0.003636342828923944,-0.07188237363641925,-0.0809091264551337,-0.06136364936828609,-0.19428448677062948,-0.19202838811007394,-0.25423558191819606,-0.11137718775055627,-0.12954545237801296,-0.09318181005391205,-0.13817459041483904,0.9354891842212991,,
2000,0.0017998782071199648,0.004090926863930533,-0.0009090965444391585,-0.008508881655606482,-0.026818149740045816,0.006363647634332892,-0.04322274381464186,-0.045909088308161095,-0.036363649368286066,-0.23769707679748553,-0.27556329640475186,-0.16089632944627308,-0.22712025263092733,-0.23954544284126977,-0.21318181482228368,0.078731716114536,0.5198888171259897,,
2001,0.017449840632351943,0.01909088871695791,0.004090910608118226,0.050670758160677676,0.06818183118646781,0.0363636190241034,-0.014422828500921137,-0.005909078771417886,-0.01636362075805653,0.051730203628540306,0.029210225018588165,0.03866011662916691,0.004877332665703449,-0.00954547145149931,0.026818182793530543,0.2772563730914053,0.5743164737435495,,
2002,0.028250106898221106,0.04909090779044423,-0.0009090965444391585,0.11278390017422735,0.16318181211298144,0.041363638097589694,0.04990450685674486,0.06909092122858207,0.038636350631714,0.3840820789337158,0.4241059693423185,0.2960492329163983,0.1905882277271964,0.18545453331687234,0.20181818279353053,1.2582765951071893,0.46218381008460485,,
2003,0.05935688885775481,0.0940909125588158,0.024090903455560836,0.2030654343691738,0.32818182164972465,0.05136362856084653,0.11952950304204757,0.15409091169183897,0.08363637924194345,0.6563944816589355,0.6933253201571379,0.683668990568681,0.2701964356682517,0.32545454285361547,0.22681818279353055,1.6371162723718082,0.4589432004267221,,
2004,0.10739208134737882,0.15409090302207262,0.05909090583974663,0.28052343455227924,0.40818179303949514,0.12136363332921812,0.18753883188421067,0.22909091169183893,0.14363636970520027,0.6542348861694336,0.727940169247714,0.5323599056764081,0.0010648526928641044,0.07045454762198705,-0.06318181482228366,0.2190256575806253,0.4720636168458895,,
2005,0.0999986258420077,0.15409090302207262,0.03909091299230405,0.33315791216763563,0.4631818121129815,0.1713636333292181,0.2505139047449285,0.2940909212285821,0.2036363601684571,0.727204418182373,0.828069392117587,0.6125536636872724,0.15679157159545204,0.25045454285361546,0.07181818160143764,0.8449962102398123,0.4689456300131969,,
2006,0.07396980198946862,0.13909091732718742,0.004090910608118226,0.41394039717587544,0.5481818025762383,0.24636363332921812,0.3268577749078923,0.37909091169183895,0.2736363649368287,0.8508980751037598,0.9142487439242277,0.790003414587541,0.17891494415023101,0.2904545285485007,0.06681818040934474,2.0212823064405514,0.4740648616062414,,
2007,0.1307688561352816,0.20409090302207264,0.04909090345556083,0.4806521686640651,0.6181818073446099,0.3113636428659613,0.4076969320123845,0.46409090215509574,0.3536363601684571,0.755551528930664,0.7762909325686369,0.6844689564271405,0.10287332914092326,0.23545453331687233,-0.028181824359026858,1.4383634158129923,0.44201233886126545,,
2008,0.2120167461308566,0.2940909125588158,0.11909090822393244,0.5334999713030728,0.6781818097287957,0.36136364286596134,0.4865355665033513,0.5490909164602105,0.4236363649368287,0.9397127628326416,1.0084621581164275,0.8234187798066571,0.12620528123595495,0.2704545476219871,-0.028181824359026858,2.19080364095714,0.4550464577709744,,
2009,0.20756623419848352,0.2990909077904442,0.10409091060811823,0.597413119944659,0.7431818133050744,0.4263636404817755,0.5546272212808782,0.6240909164602105,0.4886363625526429,1.10294189453125,1.1938332351771268,1.0376190186901524,0.22867507121779704,0.3954545357010581,0.05181818279353054,2.3954532835933744,0.4460524994628711,,
2010,0.2918349829587069,0.39409090659835133,0.179090907627886,0.6887768204239281,0.8381818121129815,0.5163636380975897,0.6660145530646496,0.7390909110957925,0.5986363600939513,1.0581675529479981,1.1795467647639188,0.9177642302079632,0.2791735925457694,0.4554545380852439,0.08681817921725185,2.84131350532681,0.5185880786085906,,
2011,0.32411767813292414,0.4240909077904442,0.20909090881997888,0.7517698141661556,0.8981818144971673,0.5763636404817755,0.797527819330042,0.8740909164602105,0.7286363601684571,1.172118040919304,1.2937828632918271,1.031346838870509,-0.000808497450568435,0.1754545428536155,-0.19318181005391202,2.408460211666581,0.43561110666164443,,
2012,0.3536951062354174,0.44409090808846746,0.24909090941602532,0.7784274610606106,0.9231818144971673,0.6063636357134039,0.9165590698068791,0.9890909021550958,0.8536363601684571,1.3359959244728088,1.4334759148684415,1.2117903546853497,0.405598477341912,0.5654545374891975,0.22681818279353055,4.347672827324512,0.4903620684581216,,
2013,0.42340410622683433,0.5040909089825372,0.3240909034555608,0.8651102813807399,1.008181816881353,0.6963636333292181,1.020487349683588,1.0890909021550956,0.9636363506317139,1.5293026685714721,1.652140894803134,1.3984823660417036,0.37179791412570257,0.5154545374891975,0.20681817802515895,3.764943729563674,0.5209232220777074,,
2014,0.49241209897128013,0.5640909054062584,0.4040908986871892,0.9391456994143397,1.083181816881353,0.7713636333292182,1.061065118963068,1.1240909164602106,1.0086363792419435,1.685045337677002,1.808949747952548,1.5344151215119795,0.2560110547325828,0.37045453570105813,0.11181818033483894,4.314819923943622,0.509274803293686,,
2015,0.5855627861889925,0.6440909125588158,0.5090909177606757,1.0176314267245203,1.1581818168813531,0.8563636476343329,1.1191089803522283,1.1740908926183526,1.0736363410949707,1.892512035369873,1.9714479359713468,1.7554960922761396,0.6663301744244315,0.7604545333168723,0.5418181804093447,4.914878408430701,0.5281303332643281,,
2016,0.5666000691327181,0.6140909054062584,0.49909090345556084,1.0881678494540126,1.2231818025762382,0.9263636285608465,1.1942859823053533,1.2490908926183526,1.1536363601684572,1.8652884483337402,1.9467093381014737,1.7735803799195722,0.8272731342098929,0.8954545476219871,0.7168181804093448,5.522112567780768,0.5216546659913175,,
2017,0.5806488362225619,0.6140909054062584,0.5240909034555609,1.176957455548373,1.3031818216497246,1.0263636285608466,1.25936729257757,1.3040909116918389,1.2236363410949709,2.0228739261627195,2.1309670838442716,1.912829180197282,0.6074426927349784,0.6504545428536155,0.521818199482831,6.3637311253748585,0.6188790935838406,,
2018,0.696409138766202,0.7190909125588159,0.6490909272974188,1.205569210919467,1.3231818025762383,1.0663636380975896,1.2730523759668522,1.3140909021550957,1.2436363697052002,2.074393606185913,2.151816645535556,1.9875445084138348,0.5324451961300589,0.5504545383832671,0.46181818517771633,6.691498117289738,0.6449908366068011,,
2019,0.6917651205871491,0.6753151205871492,0.7082151205871491,1.3547506622539354,1.2022004361165883,1.5073008883912824,1.3214496367767197,1.3049996367767196,1.3378996367767197,2.41505758715868,2.39449508715868,2.43562008715868,0.5324451961300589,0.5504545383832671,0.46181818517771633,6.393971366552439,0.4,5.735971366552438,7.051971366552439
2020,0.7446601482114583,0.7282101482114584,0.7611101482114583,1.466640003590078,1.3102085472549974,1.6230714599251586,1.4331107785815083,1.4166607785815082,1.4495607785815083,2.38475758715868,2.22930508715868,2.54021008715868,0.5324451961300589,0.5504545383832671,0.46181818517771633,6.6621335287146,0.4,6.0041335287146,7.3201335287146
2021,0.7701859309002244,0.7537359309002244,0.7866359309002243,1.526782642969841,1.366007552902837,1.687557733036845,1.4787376202021343,1.4622876202021342,1.4951876202021344,2.56855758715868,2.51016008715868,2.62695508715868,0.5324451961300589,0.5504545383832671,0.46181818517771633,7.102458956182884,0.4,6.444458956182884,7.760458956182885
2022,0.7131118056700219,0.6966618056700219,0.7295618056700218,1.653937039208228,1.486760596250343,1.821113482166113,1.5219252353034234,1.5054752353034233,1.5383752353034235,2.71155758715868,2.68145408715868,2.74166108715868,0.5324451961300589,0.5504545383832671,0.46181818517771633,7.36390763117527,0.4,6.705907631175269,8.021907631175269
2023,0.7013054060383461,0.6848554060383462,0.7177554060383461,1.8053251912104726,1.6294573144278923,1.981193067993053,1.5741034120990034,1.5576534120990033,1.5905534120990035,2.90135758715868,2.81598208715868,2.98673308715868,0.5324451961300589,0.5504545383832671,0.46181818517771633,7.9441335287146,0.4,7.2861335287146,8.6021335287146
2024,0.7646276896479223,0.7481776896479223,0.7810776896479222,,,,1.6184183292260754,1.6019683292260753,1.6348683292260755,3.0108575871586805,2.9570660871586805,3.0646490871586805,0.5324451961300589,0.5504545383832671,0.46181818517771633,8.284011907092978,0.4,7.626011907092978,8.942011907092978
2025,0.7663673305319003,0.7490368919959887,0.783697769067812,,,,1.6502983936827973,1.6338483936827972,1.6667483936827974,3.2329575871586798,3.15235258715868,3.3135625871586796,0.5324451961300589,0.5504545383832671,0.46181818517771633,,,,
2026,,,,,,,,,,,,,0.5324451961300589,0.5504545383832671,0.46181818517771633,,,,
