"x1","x2","x3","x4","x5","x6","x7","x8","x9","x10","x11","x12","x13","x14","x15","x16","x17","x18","x19","x20","x21","x22","x23","x24","x25","x26","x27","x28","x29","x30","x31","x32","x33","x34","x35","x36","x37","x38","x39","x40","x41","x42","x43","x44","x45","x46","x47","x48","x49","x50","x51"
3.064841928057652e-6,-7.676882497437139e-6,3.196665961007438e-11,-1.958518792525462e-10,4.343797093908012e-10,9.737472139049084e-9,4.363145609111858e-7,-1.192631781484708e-5,-1.8266525598128833e-7,7.439438462876888e-6,-8.97123888737464e-8,-3.6373451521502695e-7,1.9694866531051537e-7,3.5974379193778388e-9,4.812143436767108e-6,2.4483378905062114e-6,1.6289289389703755e-7,3.9486843467863494e-5,-9.6709499732919e-8,5.434014877160105e-7,-1.6305165783692385e-8,-4.7519967678715904e-8,-2.5758937116006145e-7,2.3536040180060046e-7,-9.379872680275372e-7,-4.696331133210491e-6,-1.8287801542021639e-6,5.922407640384493e-7,-5.748303998920787e-6,1.4708589910531386e-7,-3.143698222929598e-7,-8.349020595994325e-7,-7.352818104688164e-10,1.5696342861800024e-10,9.813085429828452e-10,2.8924359873451785e-7,-3.9527864776509987e-7,-3.776509230758611e-7,-4.980973765368078e-6,-3.0010798425628465e-9,1.5874962532170386e-5,-7.672606523942366e-9,9.495149914382638e-8,1.8859241024111464e-9,-1.247088309884319e-7,0.0014125015316777843,-1.0505091613869465e-5,-3.0635530639935225e-5,6.226065064696941e-12,7.84753197882516e-9,-1.5457456373066593e-6
-7.676882497437139e-6,0.0330739668191144,1.4249293073792937e-7,-3.032127122947767e-8,-2.8125774706374855e-7,-2.0446674177599342e-7,-7.320858538184626e-5,-8.59653593513536e-5,-0.0007109396213474096,-0.00012563162958249962,4.028676233731154e-6,3.991598547405847e-5,9.505120107748642e-6,4.872145440458358e-7,0.00010325412292189126,0.0046592391129896115,-5.103616371741012e-5,-0.020435060369008145,1.0032461685446653e-5,-6.352770511337244e-5,-3.565959837171835e-5,3.481034855673341e-5,1.6090479674850594e-5,3.910294173899475e-6,-1.525894554895308e-5,0.006338860711010673,0.004108871739779552,-0.0004325511662715729,5.6706686153584636e-5,-9.422867224513057e-5,0.00015589100046276168,5.418783524351345e-5,-3.8427602783486826e-8,9.389828082606307e-9,-1.2381824812491076e-7,5.5090171689433215e-5,5.365150300277014e-5,2.7349916397936452e-5,-0.0005213789452820727,-2.0487483283309285e-6,-0.00024547517338829097,1.654066035109597e-6,-2.6107080310521788e-6,1.2344851083253827e-8,-6.1886520505843655e-6,0.05504100513784173,-0.009338373433050386,0.0006462503595596557,-8.178560504504918e-10,-6.29634589596908e-6,0.0010335025534658339
3.196665961007438e-11,1.4249293073792937e-7,5.853646741391476e-10,-1.5047407394387303e-12,2.135710244554414e-12,-1.7822006166282206e-10,-6.682370509850665e-10,3.088038920590079e-8,-1.4739296647566162e-8,4.4653934048026294e-8,1.9834899680312247e-9,-1.5201946359075906e-9,4.164900602783439e-9,-3.1919609393319263e-10,5.853713647861226e-8,-3.6019850122353313e-7,-5.596541780825372e-9,3.120327760075196e-9,-1.030515002376207e-9,4.956284498878755e-9,-2.2356417689529657e-9,-2.9918077307062185e-9,2.373002060518539e-9,-1.8599219390652744e-9,-2.224938284138747e-9,3.279462617923517e-9,-2.951184553668628e-8,-3.9329094411764616e-9,1.8423928855352687e-8,-4.483891712552822e-9,-2.6891825176995076e-8,2.0991259084743405e-8,-3.1664319832832996e-12,-9.776516925308631e-12,-1.1374070362234799e-11,-7.53843560375414e-9,1.629455252742431e-9,-2.9356435035369514e-9,5.3924039406271084e-8,-6.243191639618512e-10,-3.313493194624354e-8,5.878354544034142e-10,5.6977117871605595e-9,-2.502516936375938e-10,6.216963644714846e-9,-2.7443307605655e-5,-1.987276581581007e-6,-1.1936785063952701e-6,2.1191174128203376e-13,3.9102807785044485e-10,-1.028604845049612e-7
-1.958518792525462e-10,-3.032127122947767e-8,-1.5047407394387303e-12,5.3364510276567194e-11,-8.816037447479052e-13,2.6663526592433703e-11,4.672283799260161e-10,-7.855568123324152e-10,-1.1503889241326478e-9,-2.5902276207231138e-8,-2.348838008421595e-9,1.2378198344815984e-10,1.4071061947233505e-9,-4.3361771576641526e-11,2.495866190850278e-8,1.0537784307312695e-7,-9.548825838877158e-11,-1.4803752760987637e-7,1.5831475406846123e-10,9.238329436295288e-10,-4.0147230626479704e-10,5.275913046450807e-10,8.327823720999529e-10,-1.4139026996527175e-8,-5.903974801753484e-9,1.7735493145210132e-7,3.117221612923683e-8,-4.760418239405004e-9,-1.6718554849319426e-8,-1.0210853862469508e-9,3.1548915523322554e-8,-2.4390540573996918e-8,-7.592524690792307e-12,2.2196061044143473e-12,9.269174150893439e-13,4.16888076829416e-9,-1.2230052929305253e-9,1.5625784010957417e-10,1.289223967500604e-8,-3.771200388993361e-10,-4.8316650744019437e-8,9.179319000445347e-11,-2.087481116381763e-9,-1.0142398418738305e-11,-7.317885172186375e-10,4.386014046337483e-6,5.4156264439854585e-8,-1.845126189811026e-7,-2.671929382467556e-13,-1.2582691505956101e-10,1.3008084068488445e-8
4.343797093908012e-10,-2.8125774706374855e-7,2.1357102445544137e-12,-8.816037447479053e-13,5.361928450876197e-10,-1.7052750370353313e-10,-7.479686712996658e-9,-9.27259447119624e-9,2.7313180313600637e-9,9.220929427332659e-9,1.3724707460153998e-9,-4.278403790735726e-9,3.35686194126311e-9,-7.225412829929123e-12,2.9240670184076735e-8,-4.344999714065524e-8,5.96705834692594e-9,1.965579381133975e-6,-1.3298899023026388e-9,1.2241598287905938e-9,8.460241958469209e-9,1.5105657789712366e-9,-2.5714045219119663e-10,-3.6260436549044866e-8,-1.364433939055742e-8,9.252008223609712e-8,-2.0264891904529916e-7,4.6407816150205393e-8,1.0058837207245909e-10,-1.9157360111087325e-8,-1.0559689455525131e-7,4.811858706731483e-8,2.0200826292590236e-11,5.9208170421267864e-12,9.373948748588624e-12,3.9769510028497595e-9,1.143439848459857e-8,-6.068884441962876e-9,-2.077776122272062e-7,1.3507676528643965e-9,2.5340619956783884e-7,2.2334606916083427e-11,-6.856755515879738e-9,-1.2178552211672782e-9,1.2229593721397523e-8,-4.875262446835244e-6,1.0194236847517732e-6,-1.1069658107938863e-6,1.9380300363962127e-12,-9.933709738950269e-10,4.575793178092154e-8
9.737472139049084e-9,-2.044667417759934e-7,-1.7822006166282206e-10,2.6663526592433703e-11,-1.7052750370353313e-10,1.4440426186155858e-8,-1.054524247031627e-8,-1.0825851722439055e-7,1.427200135276563e-7,9.77854104079571e-8,1.9010156939754703e-9,2.078707523381344e-8,-6.94706732670723e-8,-1.483227360426746e-9,3.723822011387405e-7,8.404195295371049e-7,-1.3762977497660222e-8,2.975296648509364e-6,-1.9694315834418025e-8,2.1878415070452315e-8,-3.4563754481924086e-8,-6.20961172300413e-9,-7.511270516423314e-9,-8.595507164023731e-8,4.2533552847184273e-8,-5.085637408098131e-6,-9.555249809006658e-7,1.5317583032914742e-8,-4.0226499172239864e-8,2.0950026184706983e-8,-4.341557932357674e-7,3.1458973609975047e-7,-3.792311112275588e-11,-1.9255896951960125e-11,-4.638069028374519e-11,-8.155125845909635e-8,1.3293272325083404e-8,-5.9580928077884904e-8,6.543975370808975e-8,8.231892602110716e-9,1.1261730013665007e-6,1.8074357537970665e-9,6.886357095933016e-8,4.055550227244103e-9,6.386695735692053e-9,-4.659960967881861e-5,1.2211160578068984e-6,-8.898181888669965e-6,-7.489485901872713e-12,2.4128085197520807e-10,2.619202488923213e-9
4.363145609111858e-7,-7.320858538184626e-5,-6.682370509850665e-10,4.672283799260161e-10,-7.479686712996658e-9,-1.054524247031627e-8,9.782973546726343e-5,-1.1157273075545054e-5,7.459266277323583e-6,-2.316554441005171e-5,-3.202788908723794e-7,6.502070470582284e-7,1.0835884921673166e-6,1.1856847452149462e-7,-1.762117889705422e-5,0.00011094587851192334,1.1647723427404087e-6,-0.00012328389542888676,-1.615194852429811e-6,-7.485470284712501e-6,8.570145683596586e-7,7.318865540831958e-7,1.8501983999373688e-7,1.3978385643440468e-5,1.105136576196152e-6,0.000516727949438828,7.258505076896734e-5,3.258680657790505e-6,2.3473158910460142e-5,-9.719686268414373e-7,8.766214790417457e-6,-1.1251537045028487e-5,9.682351974669346e-9,-1.4801045117326277e-10,1.270063353594605e-8,-5.794886248355217e-6,-7.007168655243854e-7,-4.6817994300086525e-7,-1.9465061370092098e-5,-7.147732132226685e-7,-7.12231362117745e-5,-1.4821003979043573e-7,2.0593265264253022e-6,2.329295792006053e-7,3.8581071030969734e-7,0.001344300261833756,0.00020783233021352682,0.000449169400053021,-2.1576055939238572e-10,-4.5979007976724063e-7,-2.25133558362783e-5
-1.192631781484708e-5,-8.59653593513536e-5,3.088038920590079e-8,-7.855568123324152e-10,-9.272594471196242e-9,-1.0825851722439057e-7,-1.1157273075545054e-5,0.0005808447989918213,7.016299052069707e-7,-5.084076319206565e-5,1.4377944593254438e-6,3.0502103656068536e-6,-6.317679606153808e-7,2.2281547462819982e-8,-4.3125674401834106e-5,-5.528597544625621e-5,3.1632077207660266e-6,0.0012639763360114032,-5.48708285329432e-9,-8.685840743045406e-6,-1.6743990874637145e-6,3.885143734171464e-6,6.552779500588645e-7,-5.9015058392982313e-5,-1.7912770434728273e-5,0.00019666118894372806,-0.00013765206612994152,2.4845112462276057e-5,-1.3505866436402036e-5,6.8014596457617495e-6,-5.820446424042445e-5,1.8365031136713777e-5,3.73288144968191e-9,1.0667851639018001e-9,2.539034138399476e-8,-1.4636709884438833e-5,3.722144446068672e-6,4.5408570238869626e-6,7.75144608679222e-6,-2.520739149887874e-7,-3.809127100815081e-5,-4.6672044254213714e-7,-1.8231713958702034e-6,-7.834910897291916e-8,1.0628609151693086e-7,-0.029364074010663342,-0.0016590556676494132,0.00029495423344743217,-7.621504907071665e-11,-2.764054597811864e-7,-2.0994454325173366e-6
-1.8266525598128833e-7,-0.0007109396213474096,-1.4739296647566162e-8,-1.1503889241326478e-9,2.7313180313600637e-9,1.4272001352765628e-7,7.459266277323583e-6,7.016299052069707e-7,0.0006265974597305637,-3.435473086319599e-5,4.885796669889512e-6,-3.4989756299978557e-7,-4.329494011470511e-6,-8.393260706817942e-8,-1.6024286963849863e-5,0.0003512453260061512,-4.9676391018571405e-6,-0.0012322515910917467,-4.752896068199316e-8,4.796283500574095e-6,9.476021200247868e-6,-7.235824523666867e-7,-5.710826645414964e-6,2.9767421140560194e-5,1.9081632283313894e-5,-0.0012253932988702783,6.781554383019056e-5,-2.346545322145382e-5,1.4121370653442239e-5,-2.697751358287897e-6,-3.992998295280007e-5,3.351398339470232e-5,-2.3732893539252565e-8,-3.260005958709796e-10,-2.8057239057868604e-8,-5.603458258366752e-6,-2.1638522894336761e-7,1.3038254193729004e-6,1.3537728888268762e-5,-1.6408717265981467e-6,-0.0001350884512598897,2.578156909969066e-7,-4.925833482471637e-6,-6.52264508940722e-7,2.572652606492944e-6,0.040510455845923346,0.003917055615615832,0.0006117882328433045,1.097892021651953e-9,7.453818465968904e-8,6.410916539354049e-5
7.439438462876888e-6,-0.00012563162958249962,4.4653934048026294e-8,-2.5902276207231138e-8,9.220929427332659e-9,9.77854104079571e-8,-2.316554441005171e-5,-5.084076319206565e-5,-3.435473086319599e-5,0.007552770295912433,-1.0166006958478274e-5,3.0918854738800157e-6,-1.438762831885311e-5,-6.28993943525411e-7,-0.00018936870171203077,-0.0005615466289576515,-1.0732437964528528e-5,-0.001145996116378151,-2.7011418889010798e-6,1.432988941976595e-5,3.353295412308207e-5,8.866362268934323e-6,-2.706756556168122e-5,1.4486536745044815e-6,-1.9381764255550795e-5,-2.4793805473717352e-5,0.0001866486912055969,-4.937202194273465e-5,-0.00010984545671877772,-2.6425232428203895e-6,9.665923734565913e-5,2.208109208308031e-5,3.246201808247765e-8,1.1971364187347694e-8,6.247885157778681e-8,-2.0235985181748137e-5,1.5322903075259813e-5,-3.4550657057508757e-5,0.00014207992130942367,-1.3371341446570936e-5,-0.0005202148443091463,-1.0363773208114928e-6,6.40575157748586e-6,-1.1404858885602564e-6,3.3058152930415928e-6,0.10830868432302355,0.004979557348141014,-0.004151887475826836,6.374710436958816e-10,-3.581568781593233e-6,-0.00015323571395824213
-8.97123888737464e-8,4.028676233731154e-6,1.9834899680312247e-9,-2.348838008421595e-9,1.3724707460153998e-9,1.9010156939754703e-9,-3.202788908723794e-7,1.4377944593254438e-6,4.885796669889512e-6,-1.0166006958478274e-5,1.6819112775791174e-5,-3.859990669673423e-7,-2.4077502163408967e-7,1.1837122855894697e-8,4.485507605179276e-6,-6.802627519673747e-5,-1.058598827121209e-6,-0.00023814116417723632,6.058032270782433e-7,1.8253152582082528e-6,-9.919710014417143e-7,4.5222139122178586e-7,-8.29083426284641e-7,4.4984399059036505e-6,1.3511870644670205e-6,0.0001555298133519926,4.037227473056404e-5,-4.223026983979696e-6,7.1029576675555955e-6,-1.1105766437746117e-6,1.9847792033634206e-5,-1.5678887014071007e-5,1.0210016770667221e-10,1.0232352596897552e-9,-2.5955031602599245e-9,1.0793752792343575e-6,-4.663469495473021e-7,2.4726774758843572e-6,-4.050671853733882e-5,-1.3910143132898487e-7,-1.473809550045517e-5,4.107474234789591e-8,-1.1691072140657142e-6,-1.3489367472427918e-7,6.481161268662769e-7,-0.0053776353542403805,-0.0006033041320458123,-0.00014111416803199437,-1.5678234446262964e-11,-7.039312785197753e-8,7.5002461162103596e-6
-3.6373451521502695e-7,3.991598547405847e-5,-1.5201946359075906e-9,1.2378198344815984e-10,-4.278403790735726e-9,2.078707523381344e-8,6.502070470582284e-7,3.0502103656068536e-6,-3.4989756299978547e-7,3.0918854738800157e-6,-3.859990669673423e-7,1.4682372679250232e-5,-2.553270097075528e-7,5.019061238679751e-8,1.1556426975625842e-7,-5.834687454545392e-5,6.562717544774585e-7,3.597911395237907e-5,1.4861214993224636e-7,6.089719986863037e-7,-6.89078841727578e-7,-6.899208289295054e-7,4.974671438132786e-7,1.1397400931107478e-5,2.380046700466847e-6,-0.00016588716254620705,-1.2928671739858173e-5,5.948515933909094e-7,-5.241192592738382e-6,-9.017391576648071e-7,-9.667116061737095e-7,2.6983840604619113e-6,6.730524978806514e-10,4.601140599298547e-11,-3.0196778634927834e-9,-1.858817809886292e-7,3.100578172814511e-6,-1.0342252158330987e-6,4.812043021468951e-6,-7.55707159509061e-8,3.862119602690328e-5,4.028617485438251e-9,-1.180071395183974e-6,-5.951970805517213e-8,-2.5350546215876595e-7,0.002178202457112533,5.6642269737574864e-5,0.00037020392219224975,3.7479346868975083e-10,1.8986989058541286e-7,7.5390589093015915e-6
1.9694866531051537e-7,9.505120107748642e-6,4.164900602783439e-9,1.4071061947233505e-9,3.35686194126311e-9,-6.94706732670723e-8,1.0835884921673166e-6,-6.317679606153809e-7,-4.329494011470511e-6,-1.438762831885311e-5,-2.4077502163408967e-7,-2.553270097075528e-7,2.2781305898311107e-5,7.298870916308555e-8,3.2195866306298855e-6,-1.500369629315881e-5,4.799922565342067e-7,-0.00010635045398410782,3.097167929493609e-7,1.765326301107054e-6,-1.579728285585091e-7,-1.0389683138648495e-6,-4.886532994839767e-7,6.038334020146999e-6,9.463479848627207e-7,-3.436355942996316e-5,2.9738860783970184e-5,-9.572348409141564e-7,-3.7878692007725888e-6,-6.075744991329563e-8,-1.2340164983898893e-5,7.174000345933318e-6,-6.327627170669862e-10,1.4085441874870708e-9,-2.8539960024206666e-9,-1.5001937617123117e-6,1.8113047636925677e-6,-2.041326123512924e-6,5.101966613318667e-7,2.4374296042994797e-7,-4.510938469826094e-5,4.4139272022287e-8,1.3657842291205245e-6,1.3476705405031777e-7,-7.038245005490532e-7,-0.005560811408882516,-0.00020977407017847455,0.0003222978577130027,2.5218149590624324e-11,8.556284818103623e-8,-2.0316551611299318e-5
3.5974379193778388e-9,4.872145440458358e-7,-3.191960939331927e-10,-4.336177157664153e-11,-7.225412829929123e-12,-1.483227360426746e-9,1.1856847452149462e-7,2.2281547462819985e-8,-8.393260706817943e-8,-6.28993943525411e-7,1.1837122855894697e-8,5.019061238679751e-8,7.298870916308555e-8,5.8915856615440736e-8,3.3034331570623356e-7,-5.944987808830789e-6,1.905903340961249e-9,1.9001320453301005e-6,6.029179796154304e-9,1.337287063100518e-7,9.456635011590444e-8,-1.0332296524580698e-9,2.215217384351914e-9,-5.142076643467366e-7,-3.2206263897126833e-7,-2.335187289952891e-6,6.889096629925172e-7,8.421187233711934e-8,-2.2424397483268894e-7,-1.093314210772331e-8,-1.6935495908867808e-7,1.5474581807549928e-7,1.7824121001075654e-10,-5.448957525631872e-11,1.1152987256730839e-12,-4.7434070613676544e-8,-1.361870312975571e-7,2.246777259360309e-8,1.348920505986011e-6,-9.392097164696395e-9,-1.513834344118045e-6,4.355493157334514e-9,6.194980872435874e-8,-4.44224097351983e-9,3.2628654282097225e-8,0.0002850233296503783,1.1715836423312275e-6,2.4047638647741427e-5,2.546301616911066e-11,-8.482361387488172e-9,-1.7680236560747476e-6
4.812143436767108e-6,0.00010325412292189126,5.853713647861226e-8,2.495866190850278e-8,2.9240670184076738e-8,3.723822011387405e-7,-1.762117889705422e-5,-4.3125674401834106e-5,-1.6024286963849863e-5,-0.00018936870171203077,4.485507605179276e-6,1.1556426975625838e-7,3.219586630629885e-6,3.3034331570623356e-7,0.004641609195046195,0.0017879685999131313,1.5013112570254015e-5,0.0017938834976961862,7.07486321464154e-6,4.541885745363763e-6,-1.5732318431877703e-7,-1.7049234946279058e-5,-2.1226022740638864e-6,9.791442079414746e-5,9.380303081015911e-5,-0.0007411824866436369,-0.00038578480996805255,1.6153092668305652e-5,1.000650326967229e-5,2.021161640942933e-5,-4.460395779709683e-5,-1.221164091426096e-5,3.2060482361050486e-9,1.9121770887099876e-8,8.799284595541713e-9,-2.6058521644068866e-5,2.48580005261686e-6,6.585523822858216e-6,9.20460399882671e-6,5.971446325132807e-6,0.0003062648432533744,1.6078397062602518e-7,7.940600858791355e-6,1.0958916445142906e-6,-4.285106465524891e-6,0.01573418251747277,0.005302941453845295,0.01688532068957596,7.47279015448607e-9,3.725122863640742e-7,0.0001049094078861955
2.4483378905062114e-6,0.0046592391129896115,-3.6019850122353313e-7,1.0537784307312695e-7,-4.3449997140655245e-8,8.404195295371049e-7,0.00011094587851192334,-5.528597544625621e-5,0.0003512453260061512,-0.0005615466289576515,-6.802627519673747e-5,-5.834687454545392e-5,-1.500369629315881e-5,-5.944987808830789e-6,0.0017879685999131313,0.3642798737073675,-9.832768151232162e-5,-0.004493486993000901,-4.0351477172728e-5,8.619781979130583e-5,4.8688569075060857e-5,2.134142255504514e-5,1.4292576189022933e-5,0.0010524679758835238,0.000415056855920317,-0.030719400241009838,0.0006679108592724138,-0.00030853162387865866,0.0007605317823513045,5.314951638558646e-5,-0.0008818043571173771,0.0005655770725452627,-1.701274007113497e-7,-5.597949169718031e-8,-6.230054615096404e-7,0.00019594311905447363,0.00015100969408600088,-0.00019381010035924936,0.0023226704175442277,-3.1394611898776065e-5,0.002100662297067185,2.8231316664888913e-6,-6.813776926826457e-6,-2.134600101353804e-5,3.096415151945451e-5,0.6080942486371985,0.04246364852947056,0.0419171960429565,6.641687165251261e-8,-1.1590463860149975e-5,-0.001985028854483186
1.6289289389703755e-7,-5.103616371741012e-5,-5.596541780825372e-9,-9.548825838877158e-11,5.96705834692594e-9,-1.3762977497660222e-8,1.1647723427404087e-6,3.1632077207660266e-6,-4.9676391018571405e-6,-1.0732437964528528e-5,-1.058598827121209e-6,6.562717544774584e-7,4.799922565342067e-7,1.9059033409612502e-9,1.5013112570254015e-5,-9.832768151232162e-5,2.336809184487411e-5,0.0018284465888482875,2.79597286726578e-7,-1.6107868481625361e-6,1.6260837499060392e-7,-4.166514730038997e-7,-9.042671317659984e-7,-4.0520161859533895e-7,-3.774860538164183e-6,-8.073339423844538e-5,-7.080961960710376e-5,4.6693370129240965e-5,-1.076045494994753e-5,5.007121822085373e-6,-1.1628311986688279e-5,-3.459272139120181e-5,2.3793081490129864e-8,1.285136858640562e-9,3.812232117197058e-8,-2.10162301747244e-6,-2.5330340398829273e-6,9.812064376957787e-7,-6.801421706059855e-7,1.911426190221729e-7,-3.1916247144565044e-5,-2.7832306908909127e-8,-2.5035206181222717e-7,-5.020748761330203e-8,-4.909532871521096e-7,-0.0039744721624232916,0.00010808847323387548,-0.0005854318205424724,-2.485510497410182e-10,5.3483549843731315e-8,-2.6003243304148748e-5
3.9486843467863494e-5,-0.020435060369008145,3.120327760075196e-9,-1.4803752760987637e-7,1.965579381133975e-6,2.975296648509364e-6,-0.00012328389542888676,0.0012639763360114032,-0.0012322515910917467,-0.001145996116378151,-0.00023814116417723632,3.597911395237907e-5,-0.00010635045398410782,1.9001320453301003e-6,0.0017938834976961862,-0.004493486993000901,0.0018284465888482875,0.7412773919240486,0.00015672865346505363,-9.856402806508216e-5,-0.00023605096107666713,-2.876642882995847e-5,1.803162476350047e-5,-0.0010993682592850532,-0.0009102207713411816,-0.06344064232422,-0.08879885399052037,0.011949487483638955,-0.003943961097209017,0.0018585978720737197,0.004080875543296594,-0.0076567715094349635,2.5541306007935533e-6,2.7493707420781464e-7,7.175470169771457e-6,-0.0007351790057317159,-0.00019693712157670002,0.00048901180385412,0.001391622083282502,-2.918453348030123e-5,-0.0072098633222231045,-1.7947885310720593e-5,-0.0002222980063528448,-2.732607705563487e-6,-5.847497441969573e-5,0.7514688718767498,0.06016107279772791,-0.10885439599433537,-5.953955536404365e-8,8.430868020241982e-6,-0.00370048821734451
-9.6709499732919e-8,1.0032461685446653e-5,-1.030515002376207e-9,1.583147540684612e-10,-1.3298899023026388e-9,-1.9694315834418025e-8,-1.615194852429811e-6,-5.487082853294461e-9,-4.752896068199317e-8,-2.7011418889010798e-6,6.058032270782433e-7,1.4861214993224636e-7,3.097167929493609e-7,6.029179796154304e-9,7.07486321464154e-6,-4.035147717272801e-5,2.79597286726578e-7,0.00015672865346505363,1.539721601849769e-5,-3.08445382298259e-8,6.915349374955818e-7,-1.614601022571213e-7,1.3704497763372746e-7,-3.0595870359240613e-6,-3.4302561076373145e-6,4.601743767740046e-5,-2.2619843425227017e-5,3.418533788020396e-6,-1.1470739184781753e-6,3.5978574354289183e-7,-3.1639965175599545e-6,-1.193514754471712e-6,-1.1097190325305208e-9,-3.3312651120870064e-10,5.489862660709707e-10,-2.4771089611820513e-6,6.565121371785714e-7,-1.4970297388617344e-6,3.4094337160203154e-5,-7.284604380384238e-8,-8.825947501982782e-6,3.2923972865078907e-8,-6.275030391719234e-7,8.697337677827019e-8,-1.056046127848683e-6,-0.0003277655564236905,-0.0003226364569108551,-0.00028595824355908284,-3.0063109826701894e-10,9.673194449293235e-8,-1.6093572526905645e-5
5.434014877160105e-7,-6.352770511337244e-5,4.956284498878755e-9,9.238329436295288e-10,1.2241598287905938e-9,2.1878415070452315e-8,-7.485470284712501e-6,-8.685840743045406e-6,4.796283500574096e-6,1.432988941976595e-5,1.8253152582082528e-6,6.089719986863037e-7,1.765326301107054e-6,1.337287063100518e-7,4.541885745363763e-6,8.619781979130585e-5,-1.6107868481625361e-6,-9.856402806508217e-5,-3.08445382298259e-8,0.0002581320685647077,3.399900751744973e-6,3.578708299496877e-6,2.493682276454978e-7,-1.7291306947659748e-5,7.430274719571933e-7,0.0003066118431346454,1.9667070398570054e-5,3.388944462493432e-6,1.871640616924217e-5,6.379350696086473e-7,6.174652104801931e-5,0.00022296601478355988,1.2290095530748812e-8,3.507908287457396e-10,1.2322088565077074e-8,-3.45620594614512e-6,-8.424473762583996e-7,-1.559050738799294e-6,-6.146819133959039e-5,4.7293172931548024e-7,5.4030917846504884e-5,-2.6985118056895776e-8,-1.6660369961658573e-6,1.4287861809057713e-7,6.19985492040707e-7,0.0051546917813308935,-0.0007775800451176895,-0.0006719873216111385,-9.868436240594102e-10,-3.7164583662880735e-7,5.854826568370774e-5
-1.6305165783692385e-8,-3.565959837171835e-5,-2.2356417689529657e-9,-4.0147230626479704e-10,8.460241958469209e-9,-3.4563754481924086e-8,8.570145683596586e-7,-1.6743990874637145e-6,9.476021200247868e-6,3.353295412308208e-5,-9.919710014417143e-7,-6.89078841727578e-7,-1.579728285585091e-7,9.456635011590444e-8,-1.5732318431877724e-7,4.868856907506085e-5,1.626083749906039e-7,-0.00023605096107666713,6.915349374955818e-7,3.399900751744973e-6,5.996016285259916e-5,1.1687716633701923e-6,1.1686279659453254e-6,-1.6853421051847872e-6,-2.9566188301736148e-6,0.00027486138636616443,3.6087660252562966e-5,-1.5244297525775254e-6,3.748923715968807e-6,-1.55036420365019e-6,-3.737444537915095e-5,2.1831475468196893e-5,-7.572482090466763e-9,-3.3500271390541405e-10,-1.2630068391753702e-8,2.121664849158778e-6,1.3807628480422541e-6,2.7346551527218374e-6,3.6878426979635244e-5,-4.712564851410391e-10,5.597063567707425e-7,-1.1259082448798834e-7,-1.3868303564092014e-6,1.5936928154644363e-7,-9.653712911525348e-7,-0.011093324671132589,-0.00029037775460807956,-0.0009985227941736923,-9.4316892793214e-10,1.169465273768502e-7,-5.1822806818158845e-5
-4.7519967678715904e-8,3.481034855673341e-5,-2.9918077307062185e-9,5.275913046450807e-10,1.5105657789712366e-9,-6.20961172300413e-9,7.318865540831959e-7,3.885143734171464e-6,-7.235824523666867e-7,8.866362268934323e-6,4.5222139122178586e-7,-6.899208289295054e-7,-1.0389683138648495e-6,-1.033229652458069e-9,-1.7049234946279058e-5,2.134142255504514e-5,-4.166514730038997e-7,-2.876642882995847e-5,-1.6146010225712132e-7,3.578708299496877e-6,1.1687716633701925e-6,2.1440549262867222e-5,5.261685056035437e-7,4.664525828449463e-6,2.148991162514448e-6,5.558036510277127e-5,-2.154750369216397e-5,-3.029996991631984e-6,-7.395873202149702e-6,7.514342449699784e-7,7.2554447946401e-6,4.675872797852873e-7,3.138405523411955e-9,-8.092762477104228e-10,4.1945409193714255e-8,-3.92286455349265e-6,4.7399155167204646e-7,4.997949213770914e-7,3.4656057396716674e-5,1.4718971801273558e-7,-2.4205198304573262e-5,-1.9955627375518558e-8,-7.943869929545496e-8,1.7110263353321014e-8,-8.205394774917184e-8,-0.0008800224247673173,0.00030112166917029085,0.0004002619681010861,1.231568269038024e-10,7.775830193249238e-8,-1.1032236785707468e-5
-2.5758937116006145e-7,1.6090479674850594e-5,2.373002060518539e-9,8.327823720999529e-10,-2.5714045219119663e-10,-7.511270516423314e-9,1.8501983999373688e-7,6.552779500588645e-7,-5.710826645414964e-6,-2.706756556168122e-5,-8.29083426284641e-7,4.974671438132786e-7,-4.886532994839766e-7,2.2152173843519143e-9,-2.1226022740638864e-6,1.4292576189022933e-5,-9.042671317659984e-7,1.803162476350047e-5,1.3704497763372746e-7,2.4936822764549786e-7,1.1686279659453254e-6,5.261685056035437e-7,1.6860819701403076e-5,-2.6526803152612354e-6,-1.1892988595303616e-6,0.0001261302211595934,-6.4251530565374025e-6,4.5736267242061615e-7,8.638819696018672e-6,-3.9940848259874524e-8,1.2174052925969802e-5,-5.7286717817511004e-6,-1.1428931208422872e-9,1.9024210148654298e-10,-1.5664719189850005e-9,1.1926395162629608e-6,3.569275109380951e-8,1.5159895372093343e-6,-7.690533558996043e-6,1.818071420225434e-8,3.710011065747428e-5,-3.079063062387428e-8,-7.38139510691882e-7,-6.422666441880454e-8,-4.012143729732527e-7,-0.0006489868123225835,0.00018561629418196478,-0.0003100645433103533,-5.973211020583149e-11,-1.7230839590543871e-7,-1.1793194180257052e-5
2.3536040180060046e-7,3.910294173899475e-6,-1.8599219390652744e-9,-1.4139026996527175e-8,-3.626043654904487e-8,-8.595507164023731e-8,1.3978385643440468e-5,-5.9015058392982313e-5,2.9767421140560194e-5,1.4486536745044815e-6,4.4984399059036505e-6,1.139740093110748e-5,6.038334020146999e-6,-5.142076643467366e-7,9.791442079414746e-5,0.0010524679758835238,-4.0520161859533895e-7,-0.0010993682592850532,-3.0595870359240613e-6,-1.7291306947659748e-5,-1.6853421051847872e-6,4.664525828449463e-6,-2.6526803152612354e-6,0.0017977064248855855,0.0003542120922673404,-0.0005213116575790096,0.00037053683655288066,-0.00011253382554678255,-0.0001210508223137385,-7.436756775501469e-6,-1.1831624945287157e-5,-2.0342796381005754e-5,2.856860717107964e-9,-9.966665742759345e-9,4.628852101156513e-9,2.4366231851972e-7,-9.258579007216162e-6,2.357920734963781e-5,8.525989827434186e-5,5.864204102441144e-7,-0.0005621746019414717,-6.867106302065952e-7,-1.0099400411180067e-6,5.9464520905891225e-8,-8.328573872748501e-6,-0.07434544423334084,-0.007174253183478256,-0.0011513933305424358,-7.971561925459656e-10,5.666918166506029e-8,0.0001440780404200197
-9.379872680275372e-7,-1.525894554895308e-5,-2.224938284138747e-9,-5.903974801753484e-9,-1.364433939055742e-8,4.2533552847184273e-8,1.105136576196152e-6,-1.7912770434728273e-5,1.9081632283313894e-5,-1.9381764255550795e-5,1.3511870644670205e-6,2.380046700466847e-6,9.463479848627207e-7,-3.2206263897126833e-7,9.380303081015911e-5,0.000415056855920317,-3.774860538164183e-6,-0.0009102207713411816,-3.4302561076373145e-6,7.430274719571934e-7,-2.9566188301736148e-6,2.148991162514448e-6,-1.1892988595303616e-6,0.0003542120922673404,0.0002448838548183547,-0.010410345719294958,5.860854044772111e-5,-7.40413910988078e-5,3.4665470378981365e-5,-3.7709170951226106e-6,2.99889298681951e-5,-6.067004155747468e-6,-8.310278005445307e-9,-2.471609942921525e-9,-1.219324396830071e-8,-1.1957370543431698e-5,-2.3863515369846416e-6,2.8435289175061506e-6,-1.4237779331575857e-6,-1.731355366061972e-7,-1.925190239763805e-5,-2.5007403820766733e-7,-2.5177574772907585e-6,6.252494425184853e-8,-1.1950065250862875e-6,-0.011217854799258633,-0.002207353562337974,0.00028455281564669145,-1.3452080462756817e-10,2.8288973430397996e-7,6.945353672696395e-5
-4.696331133210491e-6,0.006338860711010673,3.279462617923516e-9,1.7735493145210132e-7,9.252008223609712e-8,-5.085637408098131e-6,0.000516727949438828,0.00019666118894372806,-0.0012253932988702783,-2.4793805473717352e-5,0.0001555298133519926,-0.00016588716254620705,-3.436355942996316e-5,-2.335187289952891e-6,-0.0007411824866436368,-0.030719400241009838,-8.073339423844537e-5,-0.06344064232422,4.601743767740046e-5,0.0003066118431346454,0.00027486138636616443,5.5580365102771265e-5,0.0001261302211595934,-0.0005213116575790096,-0.010410345719294958,1.2591591601354164,0.004628293156371699,-0.0016967831344631814,-3.2755867401395265e-5,3.99408981449484e-5,-0.0030215573984978946,0.0023827072250110484,-5.565269626286228e-7,1.0626099142733362e-7,-1.1189548787478092e-6,0.001290020290722106,-5.43642408848738e-5,0.00023796177737468374,0.0018233400580639166,-1.4057067155191562e-5,0.003925590206170998,-1.6258656835794011e-6,-1.4231333539007252e-5,-2.0330160311907883e-5,3.5253705545144047e-8,1.3234039887000701,0.07433907515905193,-0.0033272614729870278,3.524264973256258e-8,7.943394900116532e-6,-0.0019410344724197504
-1.8287801542021639e-6,0.004108871739779552,-2.9511845536686283e-8,3.117221612923683e-8,-2.0264891904529916e-7,-9.555249809006658e-7,7.258505076896734e-5,-0.00013765206612994152,6.781554383019054e-5,0.0001866486912055969,4.037227473056404e-5,-1.2928671739858173e-5,2.9738860783970184e-5,6.889096629925172e-7,-0.00038578480996805255,0.0006679108592724137,-7.080961960710376e-5,-0.08879885399052037,-2.2619843425227017e-5,1.9667070398570054e-5,3.6087660252562966e-5,-2.154750369216397e-5,-6.4251530565374025e-6,0.00037053683655288066,5.8608540447721113e-5,0.004628293156371699,0.02163149262000127,-0.0012231706600286452,0.0011362251818164554,-0.00034160982205112394,-0.0013430354008952313,0.0007408347525277641,2.470859098741498e-7,-3.903007768851635e-8,-3.8772698762638464e-7,0.00011443184352578513,1.5135052907365165e-5,-6.52735347621601e-5,0.000144961725585662,8.886738361361607e-6,0.0005311314729786965,2.857839082244874e-6,3.940144155043704e-5,2.360386592098066e-6,-1.4075360569689185e-5,0.10116205930929004,0.007392731998726219,0.0061912738212846555,-4.627360665118518e-10,-8.691566119340621e-7,0.00044027691680555305
5.922407640384493e-7,-0.0004325511662715729,-3.9329094411764616e-9,-4.760418239405004e-9,4.6407816150205393e-8,1.5317583032914742e-8,3.258680657790505e-6,2.4845112462276057e-5,-2.346545322145382e-5,-4.937202194273465e-5,-4.223026983979696e-6,5.948515933909094e-7,-9.572348409141566e-7,8.421187233711934e-8,1.6153092668305652e-5,-0.00030853162387865866,4.6693370129240965e-5,0.011949487483638955,3.418533788020396e-6,3.388944462493432e-6,-1.5244297525775254e-6,-3.029996991631984e-6,4.5736267242061615e-7,-0.00011253382554678255,-7.40413910988078e-5,-0.0016967831344631814,-0.0012231706600286452,0.0003477080976863136,0.0003115288225856789,2.8589959021967674e-5,0.00011184446581276582,-0.00019683492104978116,7.927793606670004e-8,5.815039353872958e-9,1.7135073008564944e-7,-1.2939361923504564e-5,-3.3776692250966786e-6,7.0263431078664475e-6,8.30550247988512e-5,-9.60883705144561e-7,-0.00015067397937424217,-3.488674218551406e-7,-6.534851112841508e-7,-1.397295817596646e-7,4.6959140781330053e-7,0.01167928377785324,0.002048154079525556,-0.001491069200483049,-4.5601818120606656e-10,2.677036514389562e-7,-9.848918718458982e-5
-5.748303998920787e-6,5.6706686153584636e-5,1.8423928855352687e-8,-1.6718554849319426e-8,1.0058837207245914e-10,-4.022649917223987e-8,2.3473158910460142e-5,-1.3505866436402036e-5,1.4121370653442239e-5,-0.00010984545671877772,7.1029576675555955e-6,-5.241192592738382e-6,-3.7878692007725888e-6,-2.2424397483268896e-7,1.000650326967229e-5,0.0007605317823513045,-1.076045494994753e-5,-0.003943961097209017,-1.1470739184781753e-6,1.871640616924217e-5,3.7489237159688074e-6,-7.395873202149702e-6,8.638819696018672e-6,-0.0001210508223137385,3.4665470378981365e-5,-3.2755867401395414e-5,0.0011362251818164554,0.0003115288225856789,0.0026626431779291555,-5.456816071127676e-5,0.0005162397273624897,-0.0001547592774373169,-7.701308142113715e-8,2.931099014262297e-9,-6.798176958359195e-8,-2.5596113827043337e-6,7.968625934299496e-6,-3.2381493471754755e-6,0.0002945409926522265,-3.2045107199898677e-6,0.0006318542184813688,-8.392568382359077e-7,6.076785411043023e-6,-7.846125063581871e-7,1.0606663516186821e-5,0.06456978128034287,0.004424039368171322,0.00527046504597517,5.24009305049404e-9,1.5144534867036232e-6,7.048828270057261e-5
1.4708589910531386e-7,-9.422867224513057e-5,-4.483891712552822e-9,-1.0210853862469508e-9,-1.9157360111087325e-8,2.095002618470698e-8,-9.719686268414373e-7,6.8014596457617495e-6,-2.697751358287897e-6,-2.6425232428203895e-6,-1.1105766437746117e-6,-9.01739157664807e-7,-6.075744991329568e-8,-1.093314210772331e-8,2.021161640942933e-5,5.314951638558646e-5,5.007121822085373e-6,0.0018585978720737197,3.5978574354289183e-7,6.379350696086473e-7,-1.55036420365019e-6,7.514342449699784e-7,-3.9940848259874524e-8,-7.436756775501469e-6,-3.7709170951226106e-6,3.9940898144948395e-5,-0.00034160982205112394,2.8589959021967674e-5,-5.456816071127676e-5,2.426289207134633e-5,1.8468260937237553e-5,-2.038623730833626e-5,4.912415898191746e-9,1.8960827889452013e-10,1.0807127085302522e-8,-2.947644528431419e-6,-8.727388630341835e-7,2.361268449278683e-6,9.937120895718607e-6,2.723369328978271e-7,-2.6601037796928847e-7,-2.481474211465324e-8,-1.962730599636148e-6,2.624934619724665e-7,-3.523470420158806e-6,-0.001013839116199198,0.00020199495515893493,-0.0006340811685118343,-1.2914399499334066e-9,1.7547492143263937e-7,-1.2021043133337094e-5
-3.143698222929598e-7,0.00015589100046276168,-2.6891825176995076e-8,3.1548915523322554e-8,-1.0559689455525131e-7,-4.341557932357674e-7,8.766214790417459e-6,-5.820446424042445e-5,-3.992998295280007e-5,9.665923734565913e-5,1.9847792033634206e-5,-9.667116061737095e-7,-1.2340164983898893e-5,-1.6935495908867808e-7,-4.460395779709683e-5,-0.0008818043571173771,-1.1628311986688279e-5,0.004080875543296594,-3.163996517559955e-6,6.174652104801931e-5,-3.737444537915095e-5,7.2554447946401e-6,1.2174052925969802e-5,-1.1831624945287157e-5,2.99889298681951e-5,-0.003021557398497895,-0.0013430354008952315,0.00011184446581276582,0.0005162397273624897,1.8468260937237553e-5,0.004459410895830736,-0.002357637661023267,3.4892524547112846e-7,9.081606610403022e-10,-5.3693195276384444e-8,5.473393667488258e-5,3.067614201482775e-5,1.1498786461435258e-5,-0.00013766568249105966,1.7413464231925438e-6,0.0008932449919502144,-9.000597658812841e-7,-2.724596606672036e-5,5.748312035873246e-8,-9.081790142101375e-6,-0.07952783194981086,-0.0028714185689198775,-0.0009712976309134678,-4.2447140530313555e-9,-1.382705586229472e-6,-0.00016886948131769673
-8.349020595994325e-7,5.418783524351345e-5,2.0991259084743405e-8,-2.4390540573996918e-8,4.811858706731483e-8,3.1458973609975047e-7,-1.1251537045028487e-5,1.8365031136713777e-5,3.351398339470232e-5,2.2081092083080308e-5,-1.5678887014071007e-5,2.6983840604619113e-6,7.174000345933318e-6,1.5474581807549928e-7,-1.2211640914260962e-5,0.0005655770725452627,-3.459272139120181e-5,-0.0076567715094349635,-1.193514754471712e-6,0.00022296601478355988,2.1831475468196893e-5,4.675872797852869e-7,-5.7286717817511004e-6,-2.034279638100575e-5,-6.067004155747469e-6,0.0023827072250110484,0.0007408347525277641,-0.00019683492104978116,-0.0001547592774373169,-2.038623730833626e-5,-0.0023576376610232675,0.0018490106793362052,-1.5747562642481095e-7,-1.954676020233033e-9,-8.234274870933744e-8,-2.5384230114521886e-5,-1.2153181520066853e-5,-1.98988280575742e-5,-1.880545044586625e-5,-5.13784984579184e-7,-0.00028320690126452166,4.3209229977499605e-7,2.0315246129214548e-5,-5.44810827838246e-8,1.308218129613819e-5,0.03469860957288684,-0.0008485625273826261,0.0024666950562814947,3.876172349515728e-9,7.766509563800316e-7,0.00025220259526998606
-7.352818104688164e-10,-3.8427602783486826e-8,-3.1664319832833e-12,-7.592524690792307e-12,2.0200826292590236e-11,-3.792311112275588e-11,9.682351974669346e-9,3.73288144968191e-9,-2.3732893539252565e-8,3.246201808247765e-8,1.0210016770667222e-10,6.730524978806514e-10,-6.327627170669862e-10,1.7824121001075654e-10,3.2060482361050477e-9,-1.701274007113497e-7,2.3793081490129864e-8,2.5541306007935533e-6,-1.1097190325305208e-9,1.2290095530748812e-8,-7.572482090466763e-9,3.1384055234119546e-9,-1.1428931208422874e-9,2.8568607171079643e-9,-8.310278005445306e-9,-5.565269626286228e-7,2.470859098741498e-7,7.927793606670006e-8,-7.701308142113714e-8,4.912415898191746e-9,3.4892524547112846e-7,-1.5747562642481095e-7,3.0017763132169873e-10,-2.3412483123744974e-11,1.0117652195036181e-10,-3.6969039295904846e-10,2.4683938183389647e-9,1.3392754760823437e-9,2.2994289477686975e-9,9.187933795254566e-10,-1.564911381519359e-8,-2.2095048406518126e-10,-4.0243875835878843e-10,2.2646835522696984e-10,-1.7457514011194807e-9,-4.7708952116390694e-6,-3.2990435556536043e-7,-1.0333905552158844e-6,-1.112829453257263e-12,2.02605733081287e-10,2.272595374104496e-8
1.5696342861800024e-10,9.389828082606307e-9,-9.776516925308631e-12,2.2196061044143473e-12,5.9208170421267864e-12,-1.9255896951960125e-11,-1.4801045117326277e-10,1.0667851639018001e-9,-3.260005958709796e-10,1.1971364187347694e-8,1.0232352596897552e-9,4.601140599298546e-11,1.408544187487071e-9,-5.448957525631871e-11,1.9121770887099876e-8,-5.597949169718031e-8,1.285136858640562e-9,2.7493707420781464e-7,-3.331265112087007e-10,3.507908287457396e-10,-3.3500271390541405e-10,-8.092762477104228e-10,1.9024210148654298e-10,-9.966665742759345e-9,-2.471609942921525e-9,1.0626099142733361e-7,-3.903007768851635e-8,5.815039353872958e-9,2.931099014262297e-9,1.8960827889452013e-10,9.081606610403022e-10,-1.954676020233034e-9,-2.3412483123744974e-11,2.1892894888019645e-11,-1.0452362636561872e-12,3.740375486429007e-10,-1.8956927132220844e-9,1.1050237293785998e-11,1.2762125724099387e-8,-9.527662737948003e-11,-3.036902956699912e-8,8.288077428993501e-11,-9.542889427639027e-10,7.527152361534479e-13,5.626031837414788e-12,-1.0281959176273656e-7,1.402361455793722e-7,4.10471965943644e-7,2.17832030269261e-13,4.1707122494565546e-11,2.716909130137809e-9
9.813085429828452e-10,-1.2381824812491076e-7,-1.1374070362234799e-11,9.269174150893439e-13,9.373948748588622e-12,-4.638069028374519e-11,1.270063353594605e-8,2.539034138399476e-8,-2.8057239057868604e-8,6.247885157778681e-8,-2.5955031602599245e-9,-3.019677863492783e-9,-2.8539960024206666e-9,1.1152987256730938e-12,8.799284595541713e-9,-6.230054615096404e-7,3.812232117197058e-8,7.175470169771457e-6,5.489862660709707e-10,1.2322088565077074e-8,-1.2630068391753702e-8,4.1945409193714255e-8,-1.5664719189850005e-9,4.628852101156513e-9,-1.219324396830071e-8,-1.118954878747809e-6,-3.8772698762638475e-7,1.7135073008564944e-7,-6.798176958359195e-8,1.0807127085302522e-8,-5.3693195276384444e-8,-8.234274870933744e-8,1.0117652195036181e-10,-1.0452362636561872e-12,4.1637249971966984e-10,1.8533099135933697e-8,-1.5687559299545023e-9,9.67123285693853e-9,9.468880398085903e-8,-8.511477421635669e-10,-2.6764104418466696e-7,1.5588207438079208e-11,-2.1482940412672933e-9,1.1568913570224916e-10,-5.590426083634592e-9,4.52270228725678e-6,7.715591603843699e-7,-1.910496529324508e-6,-1.7305000576738298e-12,2.054551708370811e-10,-1.1247175940680107e-7
2.8924359873451785e-7,5.5090171689433215e-5,-7.53843560375414e-9,4.16888076829416e-9,3.9769510028497595e-9,-8.155125845909635e-8,-5.794886248355217e-6,-1.4636709884438833e-5,-5.603458258366752e-6,-2.0235985181748137e-5,1.0793752792343575e-6,-1.8588178098862916e-7,-1.5001937617123117e-6,-4.743407061367655e-8,-2.6058521644068866e-5,0.00019594311905447363,-2.10162301747244e-6,-0.0007351790057317159,-2.4771089611820513e-6,-3.45620594614512e-6,2.121664849158778e-6,-3.92286455349265e-6,1.1926395162629608e-6,2.4366231851972e-7,-1.1957370543431698e-5,0.001290020290722106,0.00011443184352578514,-1.2939361923504564e-5,-2.5596113827043337e-6,-2.947644528431419e-6,5.473393667488258e-5,-2.5384230114521886e-5,-3.6969039295904815e-10,3.740375486429007e-10,1.8533099135933697e-8,0.00029729043285716024,-5.012405416824473e-7,-3.36473865858551e-6,-1.6262247479237032e-5,7.79084867645903e-7,8.790540742144843e-5,-2.237288387991466e-7,1.159468015778866e-6,3.993953597750766e-8,9.111756260195375e-7,-0.010012852371851592,-6.435983234577683e-5,-0.0014988810807950773,-8.002769893983308e-10,-3.8963863903145825e-7,-5.417134786767713e-5
-3.9527864776509987e-7,5.365150300277014e-5,1.629455252742431e-9,-1.2230052929305253e-9,1.143439848459857e-8,1.3293272325083406e-8,-7.007168655243854e-7,3.722144446068672e-6,-2.1638522894336761e-7,1.5322903075259813e-5,-4.663469495473021e-7,3.100578172814511e-6,1.811304763692568e-6,-1.361870312975571e-7,2.48580005261686e-6,0.00015100969408600088,-2.5330340398829273e-6,-0.00019693712157670002,6.565121371785714e-7,-8.424473762583995e-7,1.3807628480422541e-6,4.7399155167204646e-7,3.569275109380951e-8,-9.258579007216162e-6,-2.3863515369846416e-6,-5.4364240884873805e-5,1.5135052907365167e-5,-3.3776692250966786e-6,7.968625934299496e-6,-8.727388630341835e-7,3.067614201482775e-5,-1.2153181520066851e-5,2.4683938183389647e-9,-1.8956927132220844e-9,-1.5687559299545023e-9,-5.012405416824473e-7,7.883108865892824e-5,-2.8166716729965076e-5,-7.520155767004177e-6,-1.1758566505030678e-7,-0.00018124534164780113,-3.130066951695231e-8,2.232627069145135e-6,1.1544822611129022e-7,-1.2824427348319088e-6,0.017398799440054874,0.0005577513172700909,-0.00010814810597642721,-7.72682544316906e-11,1.5223488582580733e-7,-1.1875804311574138e-5
-3.776509230758611e-7,2.7349916397936452e-5,-2.9356435035369514e-9,1.5625784010957417e-10,-6.068884441962876e-9,-5.9580928077884904e-8,-4.6817994300086525e-7,4.540857023886963e-6,1.3038254193729004e-6,-3.4550657057508757e-5,2.4726774758843572e-6,-1.0342252158330987e-6,-2.041326123512924e-6,2.246777259360309e-8,6.585523822858215e-6,-0.00019381010035924936,9.812064376957787e-7,0.00048901180385412,-1.4970297388617344e-6,-1.559050738799294e-6,2.7346551527218374e-6,4.997949213770914e-7,1.5159895372093345e-6,2.357920734963781e-5,2.8435289175061506e-6,0.00023796177737468374,-6.52735347621601e-5,7.026343107866448e-6,-3.238149347175475e-6,2.361268449278683e-6,1.1498786461435258e-5,-1.98988280575742e-5,1.3392754760823437e-9,1.1050237293786098e-11,9.67123285693853e-9,-3.3647386585855102e-6,-2.8166716729965076e-5,0.00013169861137530894,-3.244475120277851e-5,-1.9667049026310382e-6,-3.644778859987045e-6,-5.387755173637706e-8,-8.176546054948492e-6,-2.1663927976022265e-7,-1.0016420855063322e-5,-0.008858476473438032,0.000635000896382134,0.0006793162735202037,-6.81828926763486e-10,-9.657125189414059e-8,1.7762292920713481e-6
-4.980973765368078e-6,-0.0005213789452820727,5.392403940627109e-8,1.289223967500604e-8,-2.077776122272062e-7,6.543975370808975e-8,-1.9465061370092098e-5,7.751446086792214e-6,1.3537728888268765e-5,0.00014207992130942367,-4.050671853733882e-5,4.812043021468951e-6,5.101966613318667e-7,1.348920505986011e-6,9.20460399882671e-6,0.0023226704175442277,-6.801421706059853e-7,0.001391622083282502,3.4094337160203154e-5,-6.146819133959039e-5,3.6878426979635244e-5,3.4656057396716674e-5,-7.690533558996043e-6,8.525989827434185e-5,-1.4237779331575872e-6,0.0018233400580639166,0.000144961725585662,8.305502479885119e-5,0.0002945409926522265,9.937120895718607e-6,-0.00013766568249105966,-1.880545044586625e-5,2.2994289477686975e-9,1.2762125724099385e-8,9.468880398085904e-8,-1.626224747923703e-5,-7.520155767004178e-6,-3.244475120277851e-5,0.0178436252578351,1.071210231598785e-5,0.0005863815895535032,4.702778292072728e-6,2.2723372599265453e-5,-2.106722358178693e-7,1.1714576950006914e-5,-0.34821574608298034,-0.0247284687774168,-0.024225503524623448,-7.3955161876673485e-9,-1.6888212113335618e-6,7.298239835015023e-5
-3.0010798425628465e-9,-2.0487483283309285e-6,-6.243191639618512e-10,-3.771200388993361e-10,1.3507676528643968e-9,8.231892602110716e-9,-7.147732132226685e-7,-2.520739149887874e-7,-1.6408717265981467e-6,-1.3371341446570936e-5,-1.3910143132898487e-7,-7.55707159509061e-8,2.4374296042994797e-7,-9.392097164696395e-9,5.971446325132807e-6,-3.1394611898776065e-5,1.911426190221729e-7,-2.918453348030123e-5,-7.284604380384238e-8,4.7293172931548024e-7,-4.712564851410198e-10,1.4718971801273558e-7,1.818071420225434e-8,5.864204102441144e-7,-1.731355366061972e-7,-1.405706715519156e-5,8.886738361361607e-6,-9.60883705144561e-7,-3.2045107199898677e-6,2.723369328978271e-7,1.7413464231925438e-6,-5.137849845791838e-7,9.187933795254566e-10,-9.527662737948003e-11,-8.511477421635669e-10,7.79084867645903e-7,-1.1758566505030678e-7,-1.9667049026310382e-6,1.0712102315987849e-5,4.1598374187478415e-6,-2.6514907921426203e-5,-2.2700189365793725e-8,-6.953565850172898e-7,1.0907888408951055e-7,-2.077985640991423e-6,0.0004734796123265872,0.00015029587530980537,-0.00013384114863796242,-2.772958284338147e-10,4.161020237661945e-8,5.379099929055012e-7
1.5874962532170386e-5,-0.00024547517338829097,-3.313493194624354e-8,-4.8316650744019437e-8,2.534061995678388e-7,1.1261730013665007e-6,-7.12231362117745e-5,-3.809127100815081e-5,-0.0001350884512598897,-0.0005202148443091463,-1.473809550045517e-5,3.862119602690329e-5,-4.5109384698260936e-5,-1.513834344118045e-6,0.0003062648432533744,0.002100662297067185,-3.1916247144565044e-5,-0.0072098633222231045,-8.82594750198278e-6,5.4030917846504884e-5,5.597063567707423e-7,-2.4205198304573262e-5,3.710011065747428e-5,-0.0005621746019414717,-1.925190239763805e-5,0.0039255902061709974,0.0005311314729786964,-0.00015067397937424217,0.0006318542184813688,-2.6601037796928847e-7,0.0008932449919502144,-0.00028320690126452166,-1.56491138151936e-8,-3.036902956699912e-8,-2.6764104418466696e-7,8.790540742144843e-5,-0.00018124534164780113,-3.644778859987045e-6,0.0005863815895535032,-2.6514907921426203e-5,0.055751362642145995,2.5393948437808147e-6,3.6725284170851474e-5,-3.0889076891318726e-5,0.0003485235793307582,-0.34305377347860266,-0.04439472278001244,0.020863491742149055,8.512894408458424e-8,-4.541332098587311e-6,2.54519297667975e-5
-7.672606523942366e-9,1.654066035109597e-6,5.878354544034142e-10,9.179319000445347e-11,2.2334606916083427e-11,1.8074357537970663e-9,-1.4821003979043573e-7,-4.6672044254213714e-7,2.578156909969066e-7,-1.0363773208114928e-6,4.107474234789591e-8,4.028617485438251e-9,4.4139272022287e-8,4.355493157334514e-9,1.6078397062602518e-7,2.8231316664888913e-6,-2.7832306908909127e-8,-1.7947885310720593e-5,3.2923972865078907e-8,-2.6985118056895783e-8,-1.1259082448798834e-7,-1.9955627375518558e-8,-3.079063062387428e-8,-6.867106302065952e-7,-2.5007403820766733e-7,-1.6258656835794013e-6,2.857839082244874e-6,-3.488674218551406e-7,-8.392568382359077e-7,-2.481474211465324e-8,-9.000597658812841e-7,4.320922997749961e-7,-2.2095048406518126e-10,8.288077428993501e-11,1.5588207438079208e-11,-2.237288387991466e-7,-3.130066951695231e-8,-5.3877551736377046e-8,4.702778292072727e-6,-2.2700189365793725e-8,2.5393948437808147e-6,2.28440373004811e-7,-7.897406430066817e-8,4.532408339189619e-9,-1.0398014452950865e-7,0.00015836244480310434,5.5373653051898914e-5,3.662313557045178e-6,-3.837584657972668e-12,-9.193233077653614e-10,1.3179442465912557e-7
9.495149914382638e-8,-2.6107080310521788e-6,5.6977117871605595e-9,-2.087481116381763e-9,-6.856755515879738e-9,6.886357095933016e-8,2.0593265264253022e-6,-1.8231713958702034e-6,-4.925833482471637e-6,6.40575157748586e-6,-1.1691072140657142e-6,-1.1800713951839741e-6,1.3657842291205245e-6,6.194980872435873e-8,7.940600858791355e-6,-6.813776926826457e-6,-2.5035206181222717e-7,-0.0002222980063528448,-6.275030391719235e-7,-1.666036996165857e-6,-1.3868303564092016e-6,-7.943869929545496e-8,-7.38139510691882e-7,-1.0099400411180067e-6,-2.5177574772907585e-6,-1.4231333539007257e-5,3.940144155043705e-5,-6.534851112841508e-7,6.076785411043023e-6,-1.962730599636148e-6,-2.724596606672036e-5,2.0315246129214548e-5,-4.0243875835878864e-10,-9.542889427639027e-10,-2.1482940412672933e-9,1.159468015778866e-6,2.232627069145135e-6,-8.176546054948492e-6,2.2723372599265456e-5,-6.953565850172898e-7,3.6725284170851474e-5,-7.897406430066817e-8,6.0115564679202855e-5,1.263541013543183e-7,1.6368693981141172e-5,0.013334369238506732,-0.000529001058005702,-0.0005565140336961346,4.046355765498276e-9,2.6040003949070123e-7,5.042954100841205e-6
1.8859241024111464e-9,1.2344851083253827e-8,-2.502516936375938e-10,-1.0142398418738305e-11,-1.2178552211672782e-9,4.055550227244103e-9,2.329295792006053e-7,-7.834910897291916e-8,-6.522645089407219e-7,-1.1404858885602564e-6,-1.348936747242792e-7,-5.951970805517213e-8,1.3476705405031777e-7,-4.44224097351983e-9,1.0958916445142908e-6,-2.134600101353804e-5,-5.0207487613302034e-8,-2.732607705563487e-6,8.697337677827019e-8,1.4287861809057713e-7,1.5936928154644363e-7,1.7110263353321014e-8,-6.422666441880454e-8,5.9464520905891225e-8,6.252494425184854e-8,-2.0330160311907883e-5,2.360386592098066e-6,-1.3972958175966463e-7,-7.846125063581871e-7,2.624934619724665e-7,5.748312035873253e-8,-5.44810827838246e-8,2.2646835522696984e-10,7.527152361534547e-13,1.1568913570224916e-10,3.99395359775077e-8,1.1544822611129022e-7,-2.1663927976022265e-7,-2.106722358178693e-7,1.0907888408951055e-7,-3.0889076891318726e-5,4.532408339189619e-9,1.263541013543183e-7,3.004287539588334e-7,-1.87556726371958e-6,-0.0004099849065197353,1.2323547630637263e-5,3.286672166610298e-5,-4.681646746642556e-10,-1.497400055733388e-8,-2.4245158394058285e-6
-1.247088309884319e-7,-6.188652050584365e-6,6.216963644714845e-9,-7.317885172186375e-10,1.2229593721397523e-8,6.386695735692053e-9,3.8581071030969734e-7,1.0628609151693086e-7,2.572652606492944e-6,3.3058152930415924e-6,6.481161268662769e-7,-2.5350546215876595e-7,-7.038245005490532e-7,3.2628654282097225e-8,-4.28510646552489e-6,3.096415151945451e-5,-4.909532871521096e-7,-5.847497441969573e-5,-1.056046127848683e-6,6.19985492040707e-7,-9.653712911525348e-7,-8.205394774917182e-8,-4.012143729732527e-7,-8.328573872748501e-6,-1.1950065250862875e-6,3.5253705545144047e-8,-1.4075360569689185e-5,4.695914078133007e-7,1.0606663516186821e-5,-3.523470420158806e-6,-9.081790142101375e-6,1.308218129613819e-5,-1.7457514011194807e-9,5.62603183741475e-12,-5.590426083634592e-9,9.111756260195376e-7,-1.2824427348319088e-6,-1.0016420855063322e-5,1.1714576950006914e-5,-2.077985640991423e-6,0.00034852357933075817,-1.0398014452950863e-7,1.6368693981141172e-5,-1.87556726371958e-6,3.432762618748889e-5,0.008457695181093086,-0.0006511473725709389,-0.00013561989671211154,2.8970802211242235e-9,2.032403843450445e-7,1.264066438084277e-5
0.0014125015316777843,0.05504100513784173,-2.7443307605655e-5,4.386014046337483e-6,-4.875262446835244e-6,-4.659960967881861e-5,0.001344300261833756,-0.029364074010663342,0.040510455845923346,0.10830868432302355,-0.0053776353542403805,0.002178202457112533,-0.005560811408882515,0.00028502332965037825,0.01573418251747277,0.6080942486371985,-0.0039744721624232916,0.7514688718767498,-0.0003277655564236905,0.005154691781330894,-0.011093324671132589,-0.0008800224247673173,-0.0006489868123225835,-0.07434544423334084,-0.011217854799258633,1.3234039887000701,0.10116205930929005,0.01167928377785324,0.06456978128034287,-0.001013839116199198,-0.07952783194981086,0.03469860957288684,-4.7708952116390694e-6,-1.0281959176273656e-7,4.52270228725678e-6,-0.010012852371851592,0.017398799440054874,-0.00885847647343803,-0.34821574608298034,0.0004734796123265872,-0.34305377347860266,0.00015836244480310434,0.013334369238506732,-0.0004099849065197353,0.008457695181093086,578.8268398409205,12.440910280581315,-5.7174864490346895,-1.8798715329552461e-6,-0.00032619180091966266,-0.2039241737612188
-1.0505091613869465e-5,-0.009338373433050386,-1.987276581581007e-6,5.4156264439854585e-8,1.0194236847517732e-6,1.2211160578068984e-6,0.00020783233021352682,-0.0016590556676494132,0.003917055615615832,0.004979557348141014,-0.0006033041320458123,5.664226973757486e-5,-0.00020977407017847455,1.1715836423312275e-6,0.005302941453845295,0.04246364852947056,0.00010808847323387548,0.06016107279772791,-0.0003226364569108551,-0.0007775800451176894,-0.00029037775460807956,0.00030112166917029085,0.00018561629418196478,-0.007174253183478256,-0.002207353562337974,0.07433907515905191,0.00739273199872622,0.002048154079525556,0.004424039368171322,0.00020199495515893493,-0.0028714185689198775,-0.0008485625273826261,-3.2990435556536054e-7,1.402361455793722e-7,7.715591603843699e-7,-6.435983234577683e-5,0.0005577513172700909,0.000635000896382134,-0.0247284687774168,0.00015029587530980537,-0.04439472278001244,5.5373653051898914e-5,-0.000529001058005702,1.2323547630637263e-5,-0.0006511473725709389,12.440910280581315,4.524651381214661,-0.24776769778485477,-1.9222072613683097e-7,5.231154610056443e-5,-0.0050867733329942495
-3.0635530639935225e-5,0.0006462503595596557,-1.1936785063952701e-6,-1.845126189811026e-7,-1.1069658107938863e-6,-8.898181888669965e-6,0.000449169400053021,0.00029495423344743217,0.0006117882328433045,-0.004151887475826836,-0.00014111416803199437,0.00037020392219224975,0.0003222978577130027,2.4047638647741427e-5,0.01688532068957596,0.0419171960429565,-0.0005854318205424724,-0.10885439599433537,-0.00028595824355908284,-0.0006719873216111386,-0.0009985227941736923,0.0004002619681010861,-0.0003100645433103533,-0.0011513933305424358,0.00028455281564669145,-0.0033272614729870265,0.006191273821284655,-0.001491069200483049,0.00527046504597517,-0.0006340811685118343,-0.0009712976309134678,0.0024666950562814943,-1.0333905552158844e-6,4.10471965943644e-7,-1.910496529324508e-6,-0.0014988810807950773,-0.00010814810597642721,0.0006793162735202037,-0.024225503524623448,-0.00013384114863796242,0.020863491742149055,3.662313557045178e-6,-0.0005565140336961346,3.286672166610298e-5,-0.0001356198967121116,-5.7174864490346895,-0.24776769778485477,6.188371701008777,3.2410370379757912e-6,1.6827515071212894e-5,0.00037531207360262317
6.226065064696941e-12,-8.178560504504916e-10,2.1191174128203376e-13,-2.6719293824675555e-13,1.9380300363962127e-12,-7.489485901872713e-12,-2.1576055939238572e-10,-7.621504907071665e-11,1.0978920216519528e-9,6.374710436958816e-10,-1.5678234446262967e-11,3.7479346868975083e-10,2.521814959062433e-11,2.546301616911066e-11,7.47279015448607e-9,6.641687165251261e-8,-2.485510497410182e-10,-5.953955536404365e-8,-3.0063109826701894e-10,-9.868436240594104e-10,-9.4316892793214e-10,1.231568269038024e-10,-5.973211020583149e-11,-7.971561925459658e-10,-1.3452080462756817e-10,3.524264973256258e-8,-4.6273606651185216e-10,-4.5601818120606656e-10,5.240093050494039e-9,-1.2914399499334068e-9,-4.2447140530313555e-9,3.876172349515728e-9,-1.1128294532572633e-12,2.17832030269261e-13,-1.7305000576738298e-12,-8.002769893983308e-10,-7.72682544316906e-11,-6.81828926763486e-10,-7.395516187667349e-9,-2.772958284338147e-10,8.512894408458424e-8,-3.837584657972667e-12,4.046355765498276e-9,-4.681646746642556e-10,2.8970802211242227e-9,-1.8798715329552461e-6,-1.92220726136831e-7,3.2410370379757912e-6,3.013091059515323e-12,3.7669372906585754e-11,5.503606520304302e-9
7.84753197882516e-9,-6.29634589596908e-6,3.9102807785044485e-10,-1.2582691505956101e-10,-9.933709738950269e-10,2.4128085197520807e-10,-4.5979007976724063e-7,-2.764054597811864e-7,7.453818465968904e-8,-3.581568781593233e-6,-7.039312785197753e-8,1.8986989058541286e-7,8.556284818103623e-8,-8.482361387488172e-9,3.725122863640742e-7,-1.1590463860149975e-5,5.3483549843731315e-8,8.430868020241982e-6,9.673194449293235e-8,-3.7164583662880735e-7,1.169465273768502e-7,7.775830193249238e-8,-1.7230839590543871e-7,5.666918166506029e-8,2.8288973430397996e-7,7.943394900116532e-6,-8.691566119340621e-7,2.677036514389562e-7,1.5144534867036232e-6,1.7547492143263937e-7,-1.382705586229472e-6,7.766509563800316e-7,2.02605733081287e-10,4.1707122494565546e-11,2.054551708370811e-10,-3.8963863903145825e-7,1.5223488582580733e-7,-9.657125189414059e-8,-1.6888212113335618e-6,4.161020237661945e-8,-4.541332098587311e-6,-9.193233077653614e-10,2.6040003949070123e-7,-1.497400055733388e-8,2.032403843450445e-7,-0.00032619180091966266,5.231154610056443e-5,1.6827515071212894e-5,3.7669372906585754e-11,7.263923093800323e-7,1.253337695697352e-8
-1.5457456373066593e-6,0.0010335025534658339,-1.028604845049612e-7,1.3008084068488445e-8,4.575793178092154e-8,2.619202488923213e-9,-2.25133558362783e-5,-2.0994454325173366e-6,6.410916539354049e-5,-0.00015323571395824213,7.5002461162103596e-6,7.5390589093015915e-6,-2.0316551611299318e-5,-1.7680236560747476e-6,0.0001049094078861955,-0.001985028854483186,-2.6003243304148748e-5,-0.00370048821734451,-1.6093572526905645e-5,5.854826568370774e-5,-5.1822806818158845e-5,-1.1032236785707468e-5,-1.1793194180257052e-5,0.0001440780404200197,6.945353672696395e-5,-0.0019410344724197504,0.00044027691680555305,-9.848918718458982e-5,7.048828270057261e-5,-1.2021043133337094e-5,-0.00016886948131769673,0.00025220259526998606,2.272595374104496e-8,2.716909130137809e-9,-1.1247175940680107e-7,-5.417134786767713e-5,-1.1875804311574138e-5,1.7762292920713481e-6,7.298239835015023e-5,5.379099929055012e-7,2.54519297667975e-5,1.3179442465912557e-7,5.042954100841205e-6,-2.4245158394058285e-6,1.264066438084277e-5,-0.2039241737612188,-0.0050867733329942495,0.00037531207360262317,5.503606520304302e-9,1.253337695697352e-8,0.009080376259953934
