Year,MAP Temperature
1850.0,-0.21016045366780092
1851.0,0.05355705631488213
1852.0,0.07369147182243375
1853.0,-0.02400642525351432
1854.0,-0.1792477877928966
1855.0,-0.2386874922594281
1856.0,-0.20962029188863987
1857.0,0.05411538365324554
1858.0,0.2283532616855357
1859.0,0.1571806354270452
1860.0,-0.025875305137140148
1861.0,-0.03691529603625021
1862.0,-0.14454964355742156
1863.0,-0.015763451291899412
1864.0,0.023142661497477596
1865.0,-0.10100751871120062
1866.0,0.12572756221540926
1867.0,0.21944074311519102
1868.0,0.21566164078054242
1869.0,0.02707421183286341
1870.0,0.007889037251565797
1871.0,0.07010955431917193
1872.0,0.08322826397638616
1873.0,0.20555767505210065
1874.0,-0.02663118578398027
1875.0,0.005408934666952844
1876.0,-0.0060501751199281
1877.0,0.07469612143124808
1878.0,0.04756643642869836
1879.0,0.10583980395804607
1880.0,0.1795958131103262
1881.0,0.08382439609178856
1882.0,0.11332669599104217
1883.0,0.007921672484008282
1884.0,-0.20555389447573386
1885.0,0.00899731743695048
1886.0,-0.05787691767093589
1887.0,-0.06410880762265761
1888.0,0.041400988501782504
1889.0,0.023314303495325484
1890.0,0.10084049404813786
1891.0,0.0935774793339414
1892.0,-0.1675594475282517
1893.0,-0.13809761591987288
1894.0,0.07163349993913354
1895.0,0.12423963290640358
1896.0,0.08595376880297173
1897.0,0.0668899349007441
1898.0,-0.04175456886657036
1899.0,-0.009932232264258031
1900.0,0.006388080736479812
1901.0,0.03636586577932078
1902.0,0.06393171519536348
1903.0,0.1205760606272794
1904.0,0.1587787512529439
1905.0,-0.17167160351086344
1906.0,-0.008851793171073492
1907.0,0.06341705687415747
1908.0,-0.124219995201888
1909.0,-0.1679597582888023
1910.0,-0.12990267644863143
1911.0,-0.1820122002338969
1912.0,-0.21866480476857075
1913.0,0.00017559709855138883
1914.0,-0.009284907624313832
1915.0,0.08470195991054452
1916.0,0.03791743060270351
1917.0,0.0769071552474375
1918.0,0.29322158323676006
1919.0,0.10050712158893027
1920.0,0.05138101192463018
1921.0,0.20409590240537842
1922.0,0.08903005374371831
1923.0,0.1639123635395687
1924.0,0.06521727715964647
1925.0,0.2203526167231373
1926.0,0.04085597886209537
1927.0,0.09073577324283191
1928.0,-0.019551618206536822
1929.0,-0.05298415384881934
1930.0,0.09025164239356476
1931.0,0.05925389121914949
1932.0,0.21003577082320116
1933.0,0.008719323066537554
1934.0,0.1455218932249002
1935.0,0.20578053205154315
1936.0,0.24651316136596949
1937.0,0.12822387803581195
1938.0,0.27907474282044586
1939.0,0.18013280148233393
1940.0,0.3232352257483323
1941.0,0.19079902360126544
1942.0,0.2256263766295232
1943.0,0.36487170622985954
1944.0,0.05231467481058301
1945.0,0.1109646713844708
1946.0,0.1743034878473904
1947.0,0.23156793940103979
1948.0,0.32917829177353997
1949.0,0.3899530137441277
1950.0,0.19658217418841326
1951.0,0.16301478388129326
1952.0,0.15103760430160193
1953.0,0.10575456386364797
1954.0,0.22348251419856913
1955.0,0.21456911241797974
1956.0,0.1918348802786239
1957.0,0.24949217922838549
1958.0,0.32218087108255566
1959.0,0.4025382596635223
1960.0,0.3199012954102948
1961.0,0.23381609514389531
1962.0,0.4317268705919277
1963.0,0.15080159560490533
1964.0,0.12330465989049974
1965.0,-0.0018167355903561805
1966.0,0.12422255805594991
1967.0,0.21031932711167803
1968.0,0.21195888936416868
1969.0,0.24258956380710847
1970.0,0.0779527437073829
1971.0,0.28237110657675146
1972.0,0.179211825020116
1973.0,0.23688887021765764
1974.0,0.2061510181510026
1975.0,0.3415656978331387
1976.0,0.17234707459248103
1977.0,0.28948568350239745
1978.0,0.42353649167953844
1979.0,0.5259351289550571
1980.0,0.6057016896181305
1981.0,0.49615911366446686
1982.0,0.37966745562761206
1983.0,0.47998058568565705
1984.0,0.46072675497831284
1985.0,0.5963933345756383
1986.0,0.5603895499324553
1987.0,0.4001588668891354
1988.0,0.4856864281259191
1989.0,0.6067057495093934
1990.0,0.6173746699831503
1991.0,0.5647357341287502
1992.0,0.4451825055520664
1993.0,0.37216924951126085
1994.0,0.5151915427626967
1995.0,0.47880166174585503
1996.0,0.5445840395462848
1997.0,0.5546152732164227
1998.0,0.6272559967348394
1999.0,0.622609939625163
2000.0,0.8178593847355287
2001.0,0.8429925763823932
2002.0,0.9989377426104604
2003.0,0.7741177959250384
2004.0,0.8120003659790888
2005.0,0.7934896045780545
2006.0,0.8239569828260564
2007.0,0.7569872453795415
2008.0,0.9729140530331903
2009.0,0.990495344109825
2010.0,1.0354222786902374
2011.0,0.8073551600268598
2012.0,0.9991224289088863
2013.0,0.8800277180095817
2014.0,0.9444434004968861
2015.0,0.8835045234758501
2016.0,0.9988930861953756
2017.0,1.0038842667168533
2018.0,1.107558557038271
2019.0,1.106048603530322
2020.0,1.0626709723844496
2021.0,1.1738762973494854
2022.0,1.0942756616342377
2023.0,1.1511414394673878
2024.0,1.1313066139176238
2025.0,1.2941277594658005
2026.0,1.0566448983204584
2027.0,1.4600676527516963
2028.0,1.4990961962366516
2029.0,1.3849145778488037
2030.0,1.4731013412913923
2031.0,1.4304406940906218
2032.0,1.3781401549891195
2033.0,1.4747914495213568
2034.0,1.3129125655793947
2035.0,1.2818708891181267
2036.0,1.4577917570535401
2037.0,1.4086952558227623
2038.0,1.5493684393219769
2039.0,1.5337163682180952
2040.0,1.560219778370786
2041.0,1.4656215819239518
2042.0,1.5801194575115858
2043.0,1.6896064183127852
2044.0,1.592297462748344
2045.0,1.7749043971195952
2046.0,1.8034299388840087
2047.0,1.8829824559432127
2048.0,1.7236064349260167
2049.0,1.8638006145048367
2050.0,1.9272310398029435
2051.0,1.8717893994453352
2052.0,2.022871856885772
2053.0,1.860461161193622
2054.0,1.961907012469291
2055.0,1.8439999109384204
2056.0,2.086016294975686
2057.0,2.0553127279580505
2058.0,2.1909841451657304
2059.0,2.094077717573313
2060.0,2.0745585378860754
2061.0,1.9814882839111312
2062.0,1.9783153070530726
2063.0,2.1242957235381015
2064.0,2.2120821407216402
2065.0,2.046963956188796
2066.0,2.0862411436315
2067.0,2.1259231798189604
2068.0,2.262086579633636
2069.0,2.259665902292474
2070.0,2.1116708521231438
2071.0,2.217214391444634
2072.0,2.0954779457160924
2073.0,2.116388196669427
2074.0,2.192677705470263
2075.0,2.2461736228094065
2076.0,2.2116253018662015
2077.0,2.252719846932358
2078.0,2.2319480452098146
2079.0,2.3614795287595096
2080.0,2.2751843613385128
2081.0,2.3169269516219195
2082.0,2.552020201321379
2083.0,2.630094016749002
2084.0,2.5101914065754882
2085.0,2.445725401198995
2086.0,2.217618141767698
2087.0,2.2788242764515263
2088.0,2.329393077183257
2089.0,2.6142107000587913
2090.0,2.5386174251334643
2091.0,2.459971129278841
2092.0,2.5042956363834468
2093.0,2.437147361211478
2094.0,2.710809522195056
2095.0,2.6609562356536305
2096.0,2.602055751657649
2097.0,2.514845838252586
2098.0,2.5315788773383847
2099.0,2.6952382175206715
2100.0,2.6855202744313464
2101.0,2.5907299211786055
2102.0,2.5666657909250428
2103.0,2.6285459994530047
2104.0,2.7425108697088247
2105.0,2.768694707680048
2106.0,2.6683948218919293
2107.0,2.675890747496621
2108.0,2.5704061182609257
2109.0,2.623501375502129
2110.0,2.673022273667265
2111.0,2.689022485987076
2112.0,2.475031716144792
2113.0,2.5920685319214063
2114.0,2.5271669682268696
2115.0,2.518158689367392
2116.0,2.675902175303803
2117.0,2.632814948147342
2118.0,2.6180849537862874
2119.0,2.6384072368397438
2120.0,2.725321870050546
2121.0,2.8486133134481375
2122.0,2.8395729696519503
2123.0,2.8249133582788515
2124.0,2.7027753988029053
2125.0,2.745000550469046
2126.0,2.853897479708429
2127.0,2.8216615954651
2128.0,2.8766936251341404
2129.0,2.6913487947737327
2130.0,2.836165443515023
2131.0,2.791347882796449
2132.0,2.8585561769316588
2133.0,2.943669841989411
2134.0,2.9371223558961375
2135.0,2.8638185145219226
2136.0,2.8021719992276446
2137.0,3.008536338043886
2138.0,2.912919898687183
2139.0,2.859083335978245
2140.0,2.8483562202840638
2141.0,2.77656462289961
2142.0,2.857429676077441
2143.0,2.793278414990152
2144.0,3.0301523599483917
2145.0,2.887485187233316
2146.0,2.9307471978256516
2147.0,2.9461252972477134
2148.0,2.8005930713227913
2149.0,3.0368555335410914
2150.0,2.984729818016201
2151.0,3.031949879077214
2152.0,2.951787729879438
2153.0,2.9835238499093073
2154.0,2.774834474093846
2155.0,2.9167853776933574
2156.0,2.9149451781284927
2157.0,3.006871616420506
2158.0,3.0463524359563725
2159.0,2.884969581630686
2160.0,2.9767185105964105
2161.0,2.878997504004692
2162.0,2.9427899336771293
2163.0,2.9376364704847555
2164.0,2.9093155755121263
2165.0,2.9247054319150267
2166.0,2.915729185791471
2167.0,2.8916062956675357
2168.0,2.8574638826579086
2169.0,2.8595919180088383
2170.0,2.818550297220614
2171.0,2.9307361485241303
2172.0,2.9126848409932817
2173.0,2.8566284366799577
2174.0,2.892835108738113
2175.0,2.959548390116694
2176.0,3.0483178825866006
2177.0,3.1009668984336023
2178.0,3.050056112999775
2179.0,2.9864455421992093
2180.0,2.837536304690755
2181.0,2.847181773142066
2182.0,2.9346682859173945
2183.0,2.830186321565864
2184.0,2.8130356679512367
2185.0,2.993261016723097
2186.0,2.9419563430721216
2187.0,3.2071274225163964
2188.0,3.1288328675622026
2189.0,3.0219625015754117
2190.0,2.9179520620569526
2191.0,2.986310026328782
2192.0,2.8861446424380155
2193.0,2.8851692349190134
2194.0,2.851120952404556
2195.0,2.9539066866778367
2196.0,2.944373326442846
2197.0,3.093400493755902
2198.0,3.0724867995777685
2199.0,3.0823509000071945
2200.0,3.013593686731039
2201.0,3.065901196730575
2202.0,3.022309507886873
2203.0,3.115008007252414
2204.0,3.0879064754724337
2205.0,2.9933175511189556
2206.0,3.142960034204551
2207.0,3.1562186575050237
2208.0,3.15192693592818
2209.0,3.0871620199855845
2210.0,3.0326348568222548
2211.0,3.042620495087908
2212.0,3.1108056683892404
2213.0,3.003005440100347
2214.0,2.7952616352573996
2215.0,2.7530894151483984
2216.0,2.7816955118953492
2217.0,2.769296715881711
2218.0,2.8340891639332266
2219.0,2.900929834650454
2220.0,2.793149234196499
2221.0,2.850989237658111
2222.0,3.0533522046166692
2223.0,2.9483788923689205
2224.0,2.9525989166945386
2225.0,2.9843449848607344
2226.0,3.0053075762346095
2227.0,2.8199170738176087
2228.0,2.882383463191677
2229.0,2.98656045743169
2230.0,2.8610857362140756
2231.0,2.9628373277699263
2232.0,2.9161659434631897
2233.0,2.962227035671736
2234.0,2.9387548236863577
2235.0,2.9115049081352473
2236.0,2.9613119828836796
2237.0,2.936486132736535
2238.0,2.849527274725302
2239.0,3.0070091087441773
2240.0,3.0065748308420224
2241.0,2.9566102982538833
2242.0,3.029890128034191
2243.0,3.0601783657653385
2244.0,3.1270099492076504
2245.0,3.119110538168613
2246.0,2.864123946437657
2247.0,2.7617446023687533
2248.0,2.9745193931791296
2249.0,2.8922285036446094
2250.0,3.0066678652775813
2251.0,2.971406483833128
2252.0,2.937138891601904
2253.0,2.920376265088893
2254.0,2.8891849227058
2255.0,2.9536544516317673
2256.0,2.9961499157124445
2257.0,2.9833497161365723
2258.0,2.9908777181021238
2259.0,2.966577176683642
2260.0,2.893356391710963
2261.0,2.7786457154794495
2262.0,2.822980769907779
2263.0,2.957792433552665
2264.0,2.944510254272343
2265.0,2.8552330261480194
2266.0,2.7980640417003557
2267.0,2.851705633690103
2268.0,2.9716831819991656
2269.0,2.9502147842714055
2270.0,2.8786903706565767
2271.0,2.9851113836299636
2272.0,2.9507369046549563
2273.0,2.9333177293998904
2274.0,2.8462960421668546
2275.0,2.8380653055682674
2276.0,2.8361406517490457
2277.0,2.8950462838155078
2278.0,2.8807567017768587
2279.0,2.97092921105191
2280.0,2.7953208592850443
2281.0,2.8510309140006944
2282.0,2.8771876436723804
2283.0,2.85460852682414
2284.0,2.719518801694276
2285.0,2.7291591350893825
2286.0,2.83524375328202
2287.0,2.8678395879249616
2288.0,2.85632089142785
2289.0,2.86629781733799
2290.0,2.8045299287171006
2291.0,2.9121361458216506
2292.0,2.8280255185138
2293.0,2.8622799774304633
2294.0,2.920690483821383
2295.0,2.7931709994530225
2296.0,2.8226796162718992
2297.0,2.834921513011605
2298.0,2.8028088271643763
2299.0,2.890172322834298
2300.0,2.853194532194633
